Mfg Part Num	Mfg Name	VID	Vendor Part Num	Description	Vendor Qty 1	Vendor Qty 2	Vendor Qty 3	Customer Ref	Price Qty 1	Price Qty 2	Price Qty 3	Vendor Reel Part Num	Vendor Link	Datasheet Link	VID2	Vendor 2 Part Num	Vendor 2 Derivate Part Num	Vendor 2 Price Qty 1	Vendor 2 Link
CC0402ZRY5V7BB104	Yageo	DK	311-1047-1-ND	CAP .10UF 16V CERAMIC Y5V 0402	10	100	500		0.011	0.0065	0.00376	311-1047-6-ND	http://search.digikey.com/scripts/DkSearch/dksus.dll?Detail&name=311-1047-1-ND	http://media.digikey.com/pdf/Data%20Sheets/Yageo%20PDFs/MLCC%20ordering%20code.pdf	ME	81-GRM155R71C104KA88	GRM155R71C104KA88D	0.022	http://at.mouser.com/ProductDetail/Murata/GRM155R71C104KA88D/?qs=sGAEpiMZZMvQvaS66kI3TkY6PWUV5MVtrUrqqJfmvT4%3d
F931A106MAA	Nichicon	DK	493-2351-1-ND	CAP TANTALUM 10UF 10V 20% SMD	10	100	250		0.349	0.21	0.15752	493-2351-6-ND	http://search.digikey.com/scripts/DkSearch/dksus.dll?Detail&name=493-2351-1-ND	http://products.nichicon.co.jp/en/pdf/XJA039/e-f93.pdf	ME	80-B45196H2106K109	B45196H2106K109	0.203	http://at.mouser.com/ProductDetail/Kemet/B45196H2106K109/?qs=sGAEpiMZZMuEN2agSAc2pkTaD7b2aQjmQy5HG6VoQ2g%3d
MSS1P4-M3/89A	Vishay	DK	MSS1P4-M3/89AGICT-ND	DIODE SCHOTTKY 1A 40V MICROSMP	10	100	250		0.326	0.1919	0.13576	MSS1P4-M3/89AGIDKR-ND	http://search.digikey.com/scripts/DkSearch/dksus.dll?Detail&name=MSS1P4-M3/89AGICT-ND	http://www.vishay.com/docs/89019/mss1p4.pdf	ME	625-MSS1P4-M3	MSS1P4-M3/89A	0.245	http://at.mouser.com/ProductDetail/Vishay/MSS1P4-M3-89A/?qs=fLSHF8TigmUkO6GnwlXAxQ%3d%3d
953230-2000-AR-PR	3M	DK	3M9272CT-ND	CONN SOCKET 30POS 2MM VERT SMD	1	100			3.22	2.449		3M9272DKR-ND	http://search.digikey.com/scripts/DkSearch/dksus.dll?Detail&name=3M9272CT-ND	http://multimedia.3m.com/mws/mediawebserver?mwsId=66666UuZjcFSLXTtmXMEm8T_EVuQEcuZgVs6EVs6E666666--	ME	517-953230-2000-ARPR	953230-2000-AR-PR	3.35	http://at.mouser.com/ProductDetail/3M-Electronic-Solutions-Division/953230-2000-AR-TP/?qs=sGAEpiMZZMvlX3nhDDO4AIai1Cgo4eruxj%252bVob%252bdmbc%3d
47346-0001	Molex Inc	DK	WM17141CT-ND	CONN RCPT 5POS MICRO USB R/A	10	50	250		0.793	0.6612	0.54992	WM17141DKR-ND	http://search.digikey.com/scripts/DkSearch/dksus.dll?Detail&name=WM17141DKR-ND	http://www.molex.com/pdm_docs/sd/473460001_sd.pdf	ME	538-47346-0001	47346-0001	1.44	http://at.mouser.com/ProductDetail/Molex/47346-0001/?qs=c2CV6XM0DweJBWaSeyWeCw%3d%3d
M50-3900542	Harwin Inc	DK	952-1395-ND	CONN HDR 1.27MM R/A AU 10POS	10	50	100		1.242	1.035	0.92		http://search.digikey.com/scripts/DkSearch/dksus.dll?vendor=0&keywords=M50-3900542	http://www.harwin.com/include/downloads/pdfs/2010PAGE95.PDF	ME	855-M50-3900542	M50-3900542	0.968	http://at.mouser.com/ProductDetail/Harwin/M50-3900542/?qs=9fQaSFfsqsyxvSF9FxJVZQ%3d%3d
L3G4200DH	STMicroelectronics	DK	497-11071-1-ND	IC GYROSCOPE MEMS 3AXIS LP 16LGA	10	100	250		12.39	10.62	9.73500	497-11071-6-ND	http://search.digikey.com/scripts/DkSearch/dksus.dll?Detail&name=497-11071-1-ND	http://www.st.com/stonline/products/literature/ds/17116.pdf	ME	511-L3G4200D	L3G4200D	12.41	http://at.mouser.com/ProductDetail/STMicroelectronics/L3G4200D/?qs=sGAEpiMZZMtlZAfbtrLey%252by4mKX%2fvdEL
HMC5843	HMC5843	DK	342-1071-1-ND	SENSOR MAGNETIC 3 AXIS 20-LCC	1	100	500		20	17	15	342-1071-6-ND	http://search.digikey.com/scripts/DkSearch/dksus.dll?Detail&name=342-1071-1-ND	http://www.sparkfun.com/datasheets/Sensors/Magneto/HMC5843.pdf					
BMP0805	Bosch Sensortec	DK	828-1005-1-ND	DIGITAL BAROMETRIC PRESSURE SNSR	10	100	250		8.79	7.325	5.567	828-1005-6-ND	http://search.digikey.com/scripts/DkSearch/dksus.dll?Detail&name=828-1005-1-ND	http://www.bosch-sensortec.com/content/language1/downloads/BST-BMP085-DS000-05.pdf					
LIS331DLH	STMicroelectronics	DK	497-10397-1-ND	ACCELEROMETER MEMS 3AXIS 16-LGA	10	100	250		8.316	6.93	6.237	497-10397-6-ND	http://search.digikey.com/scripts/DkSearch/dksus.dll?Detail&name=497-10397-1-ND	http://www.st.com/internet/com/TECHNICAL_RESOURCES/TECHNICAL_LITERATURE/DATASHEET/CD00213470.pdf	ME	511-LIS331DLH	LIS331DLH	7.87	http://at.mouser.com/ProductDetail/STMicroelectronics/LIS331DLH/?qs=sGAEpiMZZMvAvBNgSS9Lql%252bnfyR4OMMz
24FC128-I/MS	Microchip	DK	24FC128-I/MS-ND	IC EEPROM 128KBIT 1MHZ 8MSOP	10	25	100		0.84	0.6	0.58		http://search.digikey.com/scripts/DkSearch/dksus.dll?Detail&name=24FC128-I/MS-ND	http://ww1.microchip.com/downloads/en/DeviceDoc/21191s.pdf	ME	579-24FC128-I/MS	24FC128-I/MS	0.639	http://at.mouser.com/ProductDetail/Microchip/24FC128-I-MS/?qs=XNV0BZVlaZHXU0%2fvkIaqxQ%3d%3d
7M-16.000MEEQ-T	TXC	DK	887-1319-1-ND	CRYSTAL 16.000 MHZ 10PF SMD	10	50	100		1.463	1.2826	1.0125	887-1319-6-ND	http://search.digikey.com/scripts/DkSearch/dksus.dll?Detail&name=887-1319-1-ND	http://www.txccrystal.com/images/pdf/7m-accuracy.pdf	ME	717-7M-16.000MEEQ-T	7M-16.000MEEQ-T	9999	http://at.mouser.com/ProductDetail/TXC/7M-16000MEEQ-T/?qs=65dIHZNch5syu%2fvH9aFnbA%3d%3d
MIC5207-3.3YM5	Micrel Inc	DK	576-1267-1-ND	IC REG LDO 180MA 3.3V SOT23-5	1	100	250		1.02	0.85	0.51	576-1267-6-ND	http://search.digikey.com/scripts/DkSearch/dksus.dll?Detail&name=576-1267-1-ND	http://www.micrel.com/_PDF/mic5207.pdf					
LD1117AS33	STMicroelectronics	DK	497-1228-1-ND	IC REG LDO 3.3V 1.2A SOT-223	10	100	250		0.84	0.663	0.5746	497-1228-6-ND	http://search.digikey.com/scripts/DkSearch/dksus.dll?Detail&name=497-1228-1-ND	http://www.st.com/internet/com/TECHNICAL_RESOURCES/TECHNICAL_LITERATURE/DATASHEET/CD00002116.pdf	ME	511-LD1117AS33	LD1117AS33TR	0.477	http://at.mouser.com/ProductDetail/STMicroelectronics/LD1117AS33TR/?qs=C3bf%2fVrkE5CoDDd7wyn%252baQ%3d%3d
EVQP7J01K	Panasonic - ECG	DK	P12278SCT-ND	SWITCH LT 3.5MMX2.9MM 160GF SMD	10	100	500		0.734	0.6163	0.52826	P12278SDKR-ND	http://search.digikey.com/scripts/DkSearch/dksus.dll?Detail&name=P12278SCT-ND	http://industrial.panasonic.com/www-data/pdf/ATK0000/ATK0000CE20.pdf					
SN74LVC2T45	Texas Instruments	DK	296-17014-1-ND	Translator, Bidirectional, 3-State, 2bits	1	25	100		0.79	0.612	0.54	296-17014-6-ND	http://search.digikey.com/scripts/DkSearch/dksus.dll?Detail&name=296-17014-1-ND	http://focus.ti.com/lit/ds/symlink/sn74lvc2t45.pdf	ME	595-SN74LVC2T45DCUR	SN74LVC2T45DCUR	0.766	http://at.mouser.com/ProductDetail/Texas-Instruments/SN74LVC2T45DCUR/?qs=0smPjiIwnfIdG9vxyJHBdA%3d%3d
BKP1005HS121-T	Taiyo Yuden	DK	587-1921-1-ND	FERRITE BEAD 120 OHM 0402	10	100	500		0.2	0.08	0.041	587-1921-6-ND	http://search.digikey.com/scripts/DkSearch/dksus.dll?Detail&name=587-1921-1-ND	http://www.yuden.co.jp/us/product/pdf/ebkp_e.pdf	ME	81-BLM15PD121SN1D	BLM15PD121SN1D	0.107	http://at.mouser.com/ProductDetail/Murata/BLM15PD121SN1D/?qs=sGAEpiMZZMvgExXaNlWje%2fYJEy227vp0QOj%2fvL%252bjfcU%3d
BM06B-SRSS-TB	JST	DK	455-1792-1-ND	CONN HEADER SH 6POS TOP 1MM TIN	10	100	500		0.66	0.5504	0.4403	455-1792-6-ND	http://search.digikey.com/scripts/DkSearch/dksus.dll?Detail&name=455-1792-1-ND	http://www.jst-mfg.com/product/pdf/eng/eSH.pdf					
GRM155F51C474ZA01D	Murata Electronics	DK	490-3274-1-ND	CAP CER .47UF 16V Y5V 0402	10	100	500		0.044	0.026	0.015	490-3274-6-ND	http://search.digikey.com/scripts/DkSearch/dksus.dll?Detail&name=490-3274-1-ND	http://search.murata.co.jp/Ceramy/image/img/PDF/ENG/GRM155F51C474ZA01.pdf					
53261-15	Molex Inc	DK	WM7632CT-ND	CONN HEADER 15POS 1.25MM R/A SMD	10	50	100		2.199	1.8992	1.6993	WM7632DKR-ND	http://search.digikey.com/scripts/DkSearch/dksus.dll?Detail&name=WM7632CT-ND	http://www.molex.com/pdm_docs/sd/532611571_sd.pdf	ME	538-53261-1571	53261-1571	3.79	http://at.mouser.com/ProductDetail/Molex/53261-1571/?qs=sGAEpiMZZMticT%2fTNjssTkTynroYBL5J
CC0402KRX7R7BB103	Yageo	DK	311-1042-1-ND	CAP 10000PF 16V CERAMIC X7R 0402	10	100	500		0.011	0.0067	0.00386	311-1042-6-ND	http://search.digikey.com/scripts/DkSearch/dksus.dll?Detail&name=311-1042-1-ND	http://media.digikey.com/pdf/Data%20Sheets/Yageo%20PDFs/MLCC%20ordering%20code.pdf	ME	810-C1005X7R1C103K	C1005X7R1C103K	0.032	http://at.mouser.com/ProductDetail/TDK/C1005X7R1C103K/?qs=sGAEpiMZZMvQvaS66kI3ToxS7c2J4e237rb4UXwcIBM%3d
C1005Y5V1C224Z	TDK Corporation	DK	445-3444-1-ND	CAP CER .22UF 16V Y5V 0402	10	100	500		0.03	0.0176	0.01012	445-3444-6-ND	http://search.digikey.com/scripts/DkSearch/dksus.dll?Detail&name=445-3444-1-ND	http://www.tdk.com/pdf/general_A11.pdf					
C1608Y5V0J475Z	TDK Corporation	DK	445-3449-1-ND	CAP CER 4.7UF 6.3V Y5V 0603	10	100	500		0.121	0.0715	0.04126	445-3449-6-ND	http://search.digikey.com/scripts/DkSearch/dksus.dll?Detail&name=445-3449-1-ND	http://www.tdk.com/pdf/general_A11.pdf	ME	810-C1608X5R0J475M	C1608X5R0J475M	0.095	http://at.mouser.com/ProductDetail/TDK/C1608X5R0J475M/?qs=sGAEpiMZZMvQvaS66kI3Tt5K2onxAczgRH8Wm%2fmpn2c%3d
CC0402KRX7R9BB471	Yageo	DK	311-1028-1-ND	CAP 470PF 50V CERAMIC X7R 0402	10	100	500		0.011	0.0067	0.00386	311-1028-6-ND	http://search.digikey.com/scripts/DkSearch/dksus.dll?Detail&name=311-1028-1-ND	http://media.digikey.com/pdf/Data%20Sheets/Yageo%20PDFs/MLCC%20ordering%20code.pdf					
TXB0102DCUR	Texas Instruments	DK	296-22862-1-ND	IC VOLT-LVL TRANSL BI-DIR 8-US8	1	25	100		1.48	1.17	1.053	296-22862-6-ND	http://search.digikey.com/scripts/DkSearch/dksus.dll?Detail&name=296-22862-1-ND	http://focus.ti.com/lit/ds/symlink/txb0102.pdf	ME	595-TXB0102DCUR	TXB0102DCUR	1.55	http://at.mouser.com/ProductDetail/Texas-Instruments/TXB0102DCUR/?qs=sGAEpiMZZMsty6Jaj0%252bBBsMF3VbNM0929UnYQvFKVv0%3d
MF-FSMF050X-2	Bourns Inc.	DK	MF-FSMF050X-2CT-ND	FUSE PTC RESET 500MA SMD 0603	10	100	500		0.36	0.33	0.312	MF-FSMF050X-2DKR-ND	http://search.digikey.com/scripts/DkSearch/dksus.dll?Detail&name=MF-FSMF050X-2CT-ND	http://www.bourns.com/data/global/pdfs/mffsmf.pdf	ME	652-MFFSMF050X-2	MF-FSMF050X-2	0.448	http://at.mouser.com/ProductDetail/Bourns/MF-FSMF050X-2/?qs=3QkGRBNOvbrZekaW8Gqm4A%3d%3d
MF-FSMF020X-2	Bourns Inc.	DK	MF-FSMF020X-2CT-ND	FUSE PTC RESET 200MA SMD 0603	10	100	500		0.36	0.33	0.312	MF-FSMF020X-2DKR-ND	http://search.digikey.com/scripts/DkSearch/dksus.dll?Detail&name=MF-FSMF020X-2CT-ND	http://www.bourns.com/data/global/pdfs/mffsmf.pdf	ME	652-MFFSMF020X-2	MF-FSMF020X-2	0.448	http://at.mouser.com/ProductDetail/Bourns/MF-FSMF020X-2/?qs=3QkGRBNOvbqaTWjqPUQNsg%3d%3d
C1608Y5V1C225Z	TDK Corporation	DK	445-3451-1-ND	CAP CER 2.2UF 16V Y5V 0603	10	100	500		0.088	0.052	0.03	445-3451-6-ND	http://search.digikey.com/scripts/DkSearch/dksus.dll?Detail&name=445-3451-1-ND	http://www.tdk.com/pdf/general_A11.pdf	ME	810-C1608Y5V1C225Z	C1608Y5V1C225Z	0.085	http://at.mouser.com/ProductDetail/TDK/C1608Y5V1C225Z/?qs=sGAEpiMZZMvQvaS66kI3Tk6Pvfi1sRGO1Mj%252bJU27Qrg%3d
CC0402JRNP09BN100	Yageo	DK	311-1014-1-ND	CAP CERAMIC 10PF 50V NP0 0402	10	100	500		0.012	0.007	0.00406	311-1014-6-ND	http://search.digikey.com/scripts/DkSearch/dksus.dll?Detail&name=311-1014-1-ND	http://www.yageo.com/documents/recent/UPY-GP_NP0_16V-to-50V_6.pdf	ME	581-04023U100JAT2A	04023U100JAT2A	0.032	http://at.mouser.com/ProductDetail/AVX/04023U100JAT2A/?qs=sGAEpiMZZMvQvaS66kI3TihUrlW%252bJjiJUf9DY1cdM5I%3d
RC0402FR-0739K2L	Yageo	DK	311-39.2KLRCT-ND	RES 39.2K OHM 1/16W 1% 0402 SMD	10	50	200		0.067	0.0362	0.02085	311-39.2KLRDKR-ND	http://search.digikey.com/scripts/DkSearch/dksus.dll?Detail&name=311-39.2KLRCT-ND	http://www.yageo.com/documents/recent/PYu-RC0402_51_RoHS_L_6.pdf	ME	304-39.2K-RC	304-39.2K-RC	0.045	http://at.mouser.com/ProductDetail/Xicon/304-392K-RC/?qs=sGAEpiMZZMtG0KNrPCHnjZ81IsZ41qnEdwGMvS7VK3o%3d					
ERJ-2GEJ680X	Panasonic - ECG	DK	P68JCT-ND	RES 68 OHM 1/10W 5% 0402 SMD	1	50	100		0.05	0.0172	0.0131	P68JDKR-ND	http://search.digikey.com/scripts/DkSearch/dksus.dll?Detail&name=P68JCT-ND	http://industrial.panasonic.com/www-cgi/jvcr13pz.cgi?E+PZ+3+AOA0001+ERJ2GEJ680X+7+WW										
CC0402ZRY5V7BB104	TDK	ME	810-C1005X7R1C104M	CAP .10UF 16V CERAMIC Y7R 0402	10	100	500		0.032	0.01	0.009	810-C1005X7R1C104M	http://at.mouser.com/ProductDetail/TDK/C1005X7R1C104M/?qs=sGAEpiMZZMvQvaS66kI3Ts8kcYAvnUrc2X3P8fTRlAY%3d	http://media.digikey.com/pdf/Data%20Sheets/Yageo%20PDFs/MLCC%20ordering%20code.pdf					
SM06B-SRSS-TB	JST	DK	455-1806-1-ND	CONN HEADER SH 6POS SIDE 1MM TIN	10	100	500		0.653	0.5445	0.4356	455-1806-6-ND	http://search.digikey.com/scripts/DkSearch/dksus.dll?Detail&name=455-1806-1-ND	http://www.jst-mfg.com/product/pdf/eng/eSH.pdf										
ABM3B-8.000MHZ-10-1-U-T	Abracon Corporation	DK	535-9721-1-ND	CRYSTAL 8.000 MHZ 10PF SMD	10	50	100		2.048	1.7956	1.4175	535-9721-6-ND	http://search.digikey.com/scripts/DkSearch/dksus.dll?Detail&name=535-9721-1-ND	http://www.abracon.com/Resonators/abm3b.pdf	ME	815-ABM3B-8.0-B2-T	ABM3B-8.000MHZ-B2-T	1.01	http://at.mouser.com/ProductDetail/ABRACON/ABM3B-8000MHZ-B2-T/?qs=NE97hfUNX0Ef9OqIOqO2cA%3d%3d
STM32F100C6T6B	STMicroelectronics	DK	497-10500-ND	MCU 32BIT ARM 32K FLASH 48LQFP	10	100	250		2.55	2.091	1.887		http://search.digikey.com/scripts/DkSearch/dksus.dll?Detail&name=497-10500-ND	http://www.st.com/internet/com/TECHNICAL_RESOURCES/TECHNICAL_LITERATURE/DATASHEET/CD00251732.pdf	ME	511-STM32F100C6T6B	STM32F100C6T6B	2.77	http://at.mouser.com/ProductDetail/STMicroelectronics/STM32F100C6T6B/?qs=sGAEpiMZZMs%2f2%2fdgfKIueKwtjHOoM53O
PTH08080WAH	Texas Instruments	DK	296-20432-ND	MODULE PIP .9-5.5V 2.25A HORZ TH	1	25	100		10.75	8.8152	7.955		http://search.digikey.com/scripts/DkSearch/dksus.dll?vendor=0&keywords=PTH08080WAH&stock=1	http://focus.ti.com/lit/ds/symlink/pth08080w.pdf	ME	595-PTH08080WAH	PTH08080WAH	11.3	http://at.mouser.com/ProductDetail/Texas-Instruments/PTH08080WAH/?qs=sGAEpiMZZMuo%252bmZx5g6tFE82QReiwhO7
53047-02	Molex Inc	DK	WM1731-ND	CONN HEADER 2POS 1.25MM VERT TIN	50	100	250		0.2778	0.2395	0.21076		http://search.digikey.com/scripts/DkSearch/dksus.dll?WT.z_header=search_go&lang=en&site=us&keywords=53047-02&x=0&y=0	http://www.molex.com/pdm_docs/sd/530470210_sd.pdf					
53047-03	Molex Inc	DK	WM1732-ND	CONN HEADER 3POS 1.25MM VERT TIN	50	100	250		0.342	0.2948	0.2594		http://search.digikey.com/scripts/DkSearch/dksus.dll?WT.z_header=search_go&lang=en&site=us&keywords=3047-03&x=0&y=0	http://www.molex.com/pdm_docs/sd/530470310_sd.pdf					
53047-04	Molex Inc	DK	WM1733-ND	CONN HEADER 4POS 1.25MM VERT TIN	50	100	250		0.378	0.329	0.28		http://search.digikey.com/scripts/DkSearch/dksus.dll?WT.z_header=search_go&lang=en&site=us&keywords=53047-04&x=0&y=0	http://www.molex.com/pdm_docs/sd/530470410_sd.pdf					
53047-05	Molex Inc	DK	WM1734-ND	CONN HEADER 5POS 1.25MM VERT TIN	50	100	250		0.4816	0.4192	0.3568		http://search.digikey.com/scripts/DkSearch/dksus.dll?WT.z_header=search_go&lang=en&site=us&keywords=53047-05&x=0&y=0	http://www.molex.com/pdm_docs/sd/530470510_sd.pdf					
T491X107K025ZT	Kemet	DK	399-5175-1-ND	CAP TANT 100UF 25V 10% SMD	10	25	100		2.453	2.3448	2.1645	399-5175-6-ND	http://search.digikey.com/scripts/DkSearch/dksus.dll?Detail&name=399-5175-1-ND	http://www.kemet.com/datasheets&T491X107K025ZT					
T491A475K010AT	Kemet	DK	399-3696-1-ND	CAPACITOR TANT 4.7UF 10V 10% SMD	10	100	250		0.349	0.21	0.15752	399-3696-6-ND	http://search.digikey.com/scripts/DkSearch/dksus.dll?Detail&name=399-3696-1-ND	http://www.kemet.com/datasheets&T491A475K010AT					
TC164-JR-07100RL	Yageo	DK	TC164J-100CT-ND	RES ARRAY 100 OHM 8TRM 4 RES SMD	10	100	500		0.012	0.0103	0.00736	TC164J-100DKR-ND	http://search.digikey.com/scripts/DkSearch/dksus.dll?Detail&name=TC164J-100CT-ND	http://www.yageo.com/documents/recent/PYu-YC_TC164_51_RoHS_L_3.pdf					
SN74LVC8T245DBQR	Texas Instruments	DK	296-23279-1-ND	IC BUS TRANSCVR 8BIT 24QSOP	1	25	100		1.33	1.05	0.945	296-23279-6-ND	http://search.digikey.com/scripts/DkSearch/dksus.dll?Detail&name=296-23279-1-ND	http://focus.ti.com/lit/ds/symlink/sn74lvc8t245.pdf					
S3B-ZR-SM4A-TF	JST	DK	455-1694-1-ND	CONN HEADER ZH SIDE 3POS 1.5MM	1	10	100		0.56	0.516	0.43	455-1694-6-ND	http://search.digikey.com/scripts/DkSearch/dksus.dll?Detail&name=455-1694-1-ND						
TLP3123(F)	Toshiba	DK	TLP3123F-ND	PHOTORELAY MOSFET 1A 4-SOP	10	100	250		3.15	2.45	2.32752		http://search.digikey.com/scripts/DkSearch/dksus.dll?WT.z_header=search_go&lang=en&site=us&keywords=TLP+3123+SO&x=0&y=0	http://www.semicon.toshiba.co.jp/docs/datasheet/en/Opto/TLP3123_en_datasheet_071001.pdf					
AP2151WG-7	Diodes Inc	DK	AP2151WGDICT-ND	IC PWR SW USB 1CH 0.5A SOT-25-5	10	100	250		0.855	0.675	0.585		http://search.digikey.com/scripts/DkSearch/dksus.dll?Detail&name=AP2151WGDICT-ND	http://www.diodes.com/datasheets/AP2141_51.pdf					
74LVC2GU04GW,125	NXP Semiconductors	DK	568-4843-1-ND	IC DUAL INVERTER SC88-6	1	25	100		0.52	0.3428	0.2816	568-4843-6-ND	http://search.digikey.com/scripts/DkSearch/dksus.dll?Detail&name=568-4843-1-ND	http://www.nxp.com/documents/data_sheet/74LVC2GU04.pdf	ME	771-LVC2GU04GW125	74LVC2GU04GW,125	0.577	http://ch.mouser.com:80/Search/ProductDetail.aspx?R=74LVC2GU04GW%2c125virtualkey66800000virtualkey771-LVC2GU04GW125
MAX3051ESA+	Maxim Integrated Products	DK	MAX3051ESA+-ND	IC TXRX CAN 1MBPS 8-SOIC	1	25	100		2.56	1.71	1.24		http://search.digikey.com/scripts/DkSearch/dksus.dll?Detail&name=MAX3051ESA%2B-ND	http://datasheets.maxim-ic.com/en/ds/MAX3051.pdf					
DF12C(3.0)-50DS-0.5V	Hirose Electric Co Ltd	DK	DF12C(3.0)-50DS-0.5V(81)-ND	CONN RECEPT 50 POS SMD 0.5MM	1000				0.8379				http://search.digikey.com/scripts/DkSearch/dksus.dll?WT.z_header=search_go&lang=en&site=us&keywords=DF12C%283.0%29-50DS-0.5V&x=0&y=0	http://www.hirose.co.jp/cataloge_hp/e53700036.pdf										
B4B-PH-K	JST	DK	455-1706-ND	CONN HEADER PH TOP 4POS 2MM	10	100	500		0.11122	0.167	0.139		http://search.digikey.com/scripts/DkSearch/dksus.dll?vendor=0&keywords=B4B-PH-K-S&stock=1	http://www.jst-mfg.com/product/pdf/eng/ePH.pdf					
S02B-PASK-2	JST	DK	455-1847-ND	CONN HEADER PA 2POS SIDE 2MM TIN	10	100	500		0.225	0.1872	0.14974		http://search.digikey.com/scripts/DkSearch/dksus.dll?vendor=0&keywords=S02B-PASK-2&stock=1	http://www.jst-mfg.com/product/pdf/eng/ePA-F.pdf					
B3B-ZR	JST	DK	455-1658-ND	CONN HEADER ZH TOP 3POS 1.5MM	10	100	500		0.123	0.1028	0.08222	455-1682-6-ND	http://search.digikey.com/scripts/DkSearch/dksus.dll?Detail&name=455-1658-ND	http://www.jst-mfg.com/product/pdf/eng/eZH.pdf					
53261-03	Molex Inc	DK	WM7621CT-ND	CONN HEADER 3POS 1.25MM R/A SMD	10	50	100		1.09	0.9082	0.8173	WM7621DKR-ND	http://search.digikey.com/scripts/DkSearch/dksus.dll?Detail&name=WM7621CT-ND	http://www.molex.com/pdm_docs/sd/532610371_sd.pdf					
53261-04	Molex Inc	DK	WM7622CT-ND	CONN HEADER 4POS 1.25MM R/A SMD	10	50	100		1.193	0.994	0.8946	WM7622DKR-ND	http://search.digikey.com/scripts/DkSearch/dksus.dll?Detail&name=WM7622CT-ND	http://www.molex.com/pdm_docs/sd/532610471_sd.pdf					
P120JCT-ND	Panasonic - ECG	DK	P120JCT-ND	RES 120 OHM 1/10W 5% 0402 SMD	1	50	100		0.05	0.0172	0.0131	P120JDKR-ND	http://search.digikey.com/scripts/DkSearch/dksus.dll?Detail&name=P120JCT-ND	http://industrial.panasonic.com/www-cgi/jvcr13pz.cgi?E+PZ+3+AOA0001+ERJ2GEJ121X+7+WW					
ERJ-2RKF3570X	Panasonic - ECG	DK	P357LCT-ND	RES 357 OHM 1/10W 1% 0402 SMD	1	50	100		0.06	0.0242	0.0184	P357LDKR-ND	http://search.digikey.com/scripts/DkSearch/dksus.dll?Detail&name=P357LCT-ND	http://industrial.panasonic.com/www-cgi/jvcr13pz.cgi?E+PZ+3+AOA0002+ERJ2RKF3570X+7+WW					
AMIS42673ICAG1RG	ON Semiconductor	DK	766-1008-1-ND	TRANSCEIVER CAN HS 3.3V 8-SOIC	1	100	250		2.38	1.666	1.496	766-1008-6-ND	http://search.digikey.com/scripts/DkSearch/dksus.dll?Detail&name=766-1008-1-ND	http://www.onsemi.com/pub_link/Collateral/AMIS-42673-D.PDF					
STM32F103C4T6A	STMicroelectronics	DK	497-8316-ND	MCU ARM 32BIT 16K FLASH 48-LQFP	10	100	250		5.85	4.81	4.42		http://search.digikey.com/scripts/DkSearch/dksus.dll?Detail&name=497-8316-ND	http://www.st.com/internet/com/TECHNICAL_RESOURCES/TECHNICAL_LITERATURE/DATASHEET/CD00210843.pdf					
STM32F102C6T6A	STMicroelectronics	DK	497-8306-ND	MCU ARM 32BIT 32KB FLASH 48-LQFP	10	100	250		5.67	4.662	4.284		http://search.digikey.com/scripts/DkSearch/dksus.dll?Detail&name=497-8306-ND	http://www.st.com/internet/com/TECHNICAL_RESOURCES/TECHNICAL_LITERATURE/DATASHEET/CD00210833.pdf					
LNJ337W83RA	Panasonic - SSG	DK	LNJ337W83RACT-ND	LED GREEN HIGH BRIGHT ESS SMD	1	25	100		0.53	0.31	0.25	LNJ337W83RADKR-ND	http://search.digikey.com/scripts/DkSearch/dksus.dll?Detail&name=LNJ337W83RACT-ND	http://industrial.panasonic.com/www-cgi/jvcr13pz.cgi?E+SC+4+ATA7003+LNJ337W83RA+8+WW					
HMC5883L	Honeywell	DK	342-1082-1-ND	IC COMPASS 3 AXIS I2C 16LCC SMD	1	25	100		3.79	2.2356	1.8829	342-1082-6-ND	http://search.digikey.com/scripts/DkSearch/dksus.dll?Detail&name=342-1082-1-ND	http://media.digikey.com/PDF/Data%20Sheets/Honeywell%20PDFs/HMC5883L.pdf					
STM32F205	STMicroelectronics	DK	497-11157-ND	MCU ARM 1024KB FLASH 64LQFP	1	25	100		15.38	12.9316	11.883		http://search.digikey.com/scripts/DkSearch/dksus.dll?lang=en&site=US&KeyWords=stm32f205rgt6&x=0&y=0	http://www.st.com/internet/com/TECHNICAL_RESOURCES/TECHNICAL_LITERATURE/DATASHEET/CD00237391.pdf									
951230-2520-AR-PR	3M	DK	3M9197CT-ND	CONN HEADER 30POS 2MM VERT SMD	1	100			2.2	1.6748			http://search.digikey.com/scripts/DkSearch/dksus.dll?Detail&name=3M9197CT-ND	http://multimedia.3m.com/mws/mediawebserver?66666UuZjcFSLXTtmxTXmXfEEVuQEcuZgVs6EVs6E666666--	ME	538-87759-3050	87759-3050	5.4	http://ch.mouser.com:80/ProductDetail/Molex/87759-3050/?qs=sGAEpiMZZMtsLRyDR9nM10M7wAK5dulTwNabOIeF5lA%3d
ERJ-2RKF2050X	Panasonic - ECG	DK	P205LCT-ND	RES 205 OHM 1/10W 1% 0402 SMD	1	50	100		0.06	0.0242	0.0184	P205LDKR-ND	http://search.digikey.com/scripts/DkSearch/dksus.dll?Detail&name=P205LCT-ND	http://industrial.panasonic.com/www-cgi/jvcr13pz.cgi?E+PZ+3+AOA0002+ERJ2RKF2050X+7+WW					
NTGS4111P	ON Semiconductor	DK	NTGS4111PT1G	MOSFET P-CH 30V 2.6A 6-TSOP	10	100	250		0.445	0.3042	0.25352	NTGS4111PT1GOSDKR-ND	http://search.digikey.com/scripts/DkSearch/dksus.dll?Detail&name=NTGS4111PT1GOSCT-ND	http://www.onsemi.com/pub_link/Collateral/NTGS4111P-D.PDF					
NX3225SA-24.000000MHZ	NDK	DK	NX3225SA-24.000000MHZ	CRYSTAL 24.000000 MHZ 8PF SMD	10	50	100		0.92	0.8064	0.6367	644-1052-6-ND	http://search.digikey.com/scripts/DkSearch/dksus.dll?Detail&name=644-1052-1-ND	http://media.digikey.com/pdf/Data%20Sheets/NDK%20PDFs/NX3225SA.pdf	ME	815-ABM8G-24-18-D2Y	ABM8G-24.000MHZ-18-D2Y-T	1.79	http://at.mouser.com:80/ProductDetail/ABRACON/ABM8G-24000MHZ-18-D2Y-T/?qs=sGAEpiMZZMsBj6bBr9Q9aWUu9Vmt5DeoJmWHNLWhJUM%3d
FT4232HL	FTDI	DK	768-1026-1-ND	IC USB HS QUAD UART/SYNC 64-LQFP	10	50	100		8.66	8.1	6.84	768-1026-6-ND	http://search.digikey.com/scripts/DkSearch/dksus.dll?Detail&name=768-1026-1-ND	http://www.ftdichip.com/Support/Documents/DataSheets/ICs/DS_FT4232H.pdf					
7M-12.000MEEQ-T	TXC CORPORATION	DK	887-1316-1-ND	CRYSTAL 12.000 MHZ 10PF SMD	10	50	100		1.463	1.2826	1.0125	887-1316-6-ND	http://search.digikey.com/scripts/DkSearch/dksus.dll?Detail&name=887-1316-1-ND	http://www.txccrystal.com/images/pdf/7m-accuracy.pdf					
MMS1208	APEM Components, LLC	DK	679-1854-ND	SWITCH MICRO-MINI SLIDE	10	50	100		1.003	0.85	0.765		http://search.digikey.com/scripts/DkSearch/dksus.dll?WT.z_header=search_go&lang=en&site=us&keywords=MMS1208&x=0&y=0	http://www.apem.com/pdf/MMS_MICRO_SLIDE.pdf					
TS3A24157	Texas Instruments	DK	296-22856-1-ND	IC SWITCH DUAL SPDT 10MSOP	1	25	100		1.41	1.11	0.999	296-22856-6-ND	http://search.digikey.com/scripts/DkSearch/dksus.dll?Detail&name=296-22856-1-ND	http://focus.ti.com/lit/ds/symlink/ts3a24157.pdf					
UX60SC-MB-5ST(80)	Hirose Electric Co Ltd	DK	H11671CT-ND	CONN RCPT USB MINI B R/A SMD	10	25	100		0.62	0.55	0.45	H11671DKR-ND	http://search.digikey.com/scripts/DkSearch/dksus.dll?Detail&name=H11671CT-ND	http://www.hirose.co.jp/cataloge_hp/e24000153.pdf					
EVQ-5PN04K	Panasonic - ECG	DK	P13595SCT-ND	SWITCH LT TOUCH 6X3.5 240GF SMD	10	100	500		0.513	0.4309	0.36936	P13595SDKR-ND	http://search.digikey.com/scripts/DkSearch/dksus.dll?Detail&name=P13595SCT-ND	http://industrial.panasonic.com/www-data/pdf/ATK0000/ATK0000CE7.pdf					
SBH11-PBPC-D10-RA-BK	Sullins Connector Solutions	DK	S9180-ND	CONN HEADR 2.54MM 20POS GOLD R/A	1	25	100		0.76	0.6888	0.4879		http://search.digikey.com/scripts/DkSearch/dksus.dll?Detail&name=S9180-ND	http://www.sullinscorp.com/drawings/145_SBH11-PBPC-D___-RA-___,_11092-B.pdf					
XG4C-3031	Omron Electronics Inc-EMC Div	DK	OR994-ND	CONN PLUG 30POS 3A 300V STRT DIP	1	25	100		1.61	1.4468	1.1576		http://search.digikey.com/scripts/DkSearch/dksus.dll?Detail&name=OR994-ND	http://components.omron.com/components/web/pdflib.nsf/0/1D642D622E2FDCF685257201007DD590/$file/XG4_1110.pdf					
68000-406HLF	FCI	DK	609-3263-ND	CONN HEADER 6POS .100 STR TIN	1	25	100		0.37	0.1744	0.1352		http://search.digikey.com/scripts/DkSearch/dksus.dll?Detail&name=609-3263-ND	http://portal.fciconnect.com/res/en/pdffiles/doc_search/68000.pdf					
93LC46BT-I/ST	Microchip Technology	DK	93LC46BT-I/STCT-ND	IC EEPROM 1KBIT 2MHZ 8TSSOP	10	25	100		0.26	0.25	0.24	93LC46BT-I/STDKR-ND	http://search.digikey.com/scripts/DkSearch/dksus.dll?Detail&name=93LC46BT-I/STCT-ND	http://ww1.microchip.com/downloads/en/DeviceDoc/21749H.pdf					
TXS0102DCUR	Texas Instruments	DK	296-21931-1-ND	IC VOLT-LEVEL TRANSLATOR 8-US8	1	25	100		1.25	0.99	0.891	296-21931-6-ND	http://search.digikey.com/scripts/DkSearch/dksus.dll?Detail&name=296-21931-1-ND	http://focus.ti.com/lit/ds/symlink/txs0102.pdf					
STM32F100C8T6B	STMicroelectronics	DK	497-10499-ND	MCU 32BIT ARM 64K FLASH 48LQFP	10	100	250		3.425	2.8085	2.53452		http://search.digikey.com/scripts/DkSearch/dksus.dll?Detail&name=497-10499-ND	http://www.st.com/internet/com/TECHNICAL_RESOURCES/TECHNICAL_LITERATURE/DATASHEET/CD00251732.pdf					
BAT 60A E6327	Infineon Technologies	DK	BAT60AE6327INCT-ND	DIODE SCHOTTKY 10V 3A SOD-323	10	100	500		0.38300	0.25550	0.14820	BAT60AE6327INDKR-ND	http://search.digikey.com/scripts/DkSearch/dksus.dll?Detail&name=BAT60AE6327INCT-ND	http://www.infineon.com/dgdl/bat60aseries.pdf?folderId=db3a304313d846880113def5812204a1&fileId=db3a304313d846880113def70c9304a9										
BLM15HD102SN1	Murata Electronics	DK	490-4003-1-ND	FILTER CHIP 1000 OHM 250MA 0402	10	50	100		0.41500	0.27340	0.21680	490-4003-6-ND	http://search.digikey.com/scripts/DkSearch/dksus.dll?Detail&name=490-4003-1-ND	http://search.murata.co.jp/Ceramy/image/img/PDF/ENG/L0110S0101BLM15H.pdf					
STM32F405RGT6	STMicroelectronics	DK	497-11767-ND	IC MCU 168 MHZ FPU 32BIT 1MB FLASH 64LQFP	10	100	250		13.08800	11.12460	10.14300		http://search.digikey.com/us/en/products/STM32F405RGT6/497-11767-ND/2754208	http://www.st.com/internet/com/TECHNICAL_RESOURCES/TECHNICAL_LITERATURE/DATASHEET/DM00037051.pdf					
RC0402FR-0747KL	Yageo	DK	311-47.0KLRCT-ND	RES 47.0K OHM 1/16W 1% 0402 SMD	10	50	100		0.01400	0.01040	0.00790	311-47.0KLRDKR-ND	http://search.digikey.com/us/en/products/RC0402FR-0747KL/311-47.0KLRCT-ND/729563	http://www.yageo.com/documents/recent/PYu-RC0402_51_RoHS_L_6.pdf					
DF13-3P-1.25H(20)	Hirose Electric Co Ltd	DK	H2220-ND	CONN HEADER 3POS 1.25MM R/A TIN	10	50	1000		0.49000	0.37800	0.18900		http://search.digikey.com/us/en/products/DF13-3P-1.25H(20)/H2220-ND/241793	http://www.hirose.co.jp/cataloge_hp/e53600014.pdf					
DF13-2P-1.25DSA	Hirose Electric Co Ltd	DK	H2191-ND	CONN HEADER 2POS 1.25MM STR TIN	10	50	1000		0.31300	0.20880	0.10080		http://search.digikey.com/us/en/products/DF13-2P-1.25DSA/H2191-ND/241765	http://www.hirose.co.jp/cataloge_hp/e53600014.pdf					
DF13-4P-1.25DSA	Hirose Electric Co Ltd	DK	H2193-ND	CONN HEADER 4POS 1.25MM STR TIN	10	50	1000		0.39900	0.30780	0.15390		http://search.digikey.com/us/en/products/DF13-4P-1.25DSA/H2193-ND/241767	http://www.hirose.co.jp/cataloge_hp/e53600014.pdf					
DF13-4P-1.25H(20)	Hirose Electric Co Ltd	DK	H2221-ND	CONN HEADER 4POS 1.25MM R/A TIN	10	50	1000		0.52700	0.42500	0.22610	DF13-4P-1.25H(21)-ND	http://search.digikey.com/us/en/products/DF13-4P-1.25H(20)/H2221-ND/241794	http://www.hirose.co.jp/cataloge_hp/e53600014.pdf					
DF13-3P-1.25DSA	Hirose Electric Co Ltd	DK	H2192-ND	CONN HEADER 3POS 1.25MM STR TIN	10	50	1000		0.30500	0.23500	0.11745		http://search.digikey.com/us/en/products/DF13-3P-1.25DSA/H2192-ND/241766	http://www.hirose.co.jp/cataloge_hp/e53600014.pdf					
DF13A-3P-1.25H(20)	Hirose Electric Co Ltd	DK	H3368-ND	CONN HEADER 3POS 1.25MM R/A TIN	10	50	1000		0.49000	0.37800	0.18900		http://search.digikey.com/us/en/products/DF13A-3P-1.25H(20)/H3368-ND/530665	http://www.hirose.co.jp/cataloge_hp/e53600014.pdf					
DF13A-4P-1.25H(20)	Hirose Electric Co Ltd	DK	H3369-ND	CONN HEADER 4POS 1.25MM R/A TIN	10	50	1000		0.52700	0.42500	0.22610		http://search.digikey.com/us/en/products/DF13A-4P-1.25H(20)/H3369-ND/530666	http://www.hirose.co.jp/cataloge_hp/e53600014.pdf					
DF13-6P-1.25DSA	Hirose Electric Co Ltd	DK	H2195-ND	CONN HEADER 6POS 1.25MM STR TIN	10	50	1000		0.50800	0.39160	0.19575		http://search.digikey.com/us/en/products/DF13-6P-1.25DSA/H2195-ND/241769	http://www.hirose.co.jp/cataloge_hp/e53600014.pdf					
MT9V034C12STM	Aptina LLC	DK	557-1454-ND	SENSOR IMAGE VGA MONO 48-CLCC	1	25	1000		16.40000	13.79520	9.91754		http://search.digikey.com/us/en/products/MT9V034C12STM/557-1454-ND/2074122	http://media.digikey.com/pdf/Data%20Sheets/APTINA%20PDFs/MT9V034.pdf					
L3GD20	STMicroelectronics	DK	497-12081-1-ND	IC MEMS MOTION SENSOR 16-LGA	10	100	1000		7.68000	6.40000	4.64000	497-12081-2-ND	http://search.digikey.com/us/en/products/L3GD20TR/497-12081-1-ND/2793125						
LNJ237W82RA	Panasonic - SSG	DK	LNJ237W82RA	LED RED HIGH BRIGHT ESS SMD	1	25	1000		0.52000	0.29360	0.09667		http://search.digikey.com/us/en/products/LNJ237W82RA/LNJ237W82RACT-ND/2349015	http://industrial.panasonic.com/www-cgi/jvcr13pz.cgi?E+SC+4+ATA7003+LNJ237W82RA+8+WW					
STM32F407VGT6	STMicroelectronics	DK	497-11605-ND	IC MCU 32BIT 1MB FLASH 100LQFP	10	100	1000		14.54600	12.36410	9.67309		http://search.digikey.com/scripts/DkSearch/dksus.dll?x=0&y=0&lang=en&site=us&KeyWords=STM32F407VGT6	http://www.st.com/internet/com/TECHNICAL_RESOURCES/TECHNICAL_LITERATURE/DATASHEET/DM00037051.pdf					
DF13-7P-1.25H(20)	Hirose Electric Co Ltd	DK	H2224-ND	CONN HEADER 7POS 1.25MM R/A TIN	10	50	1000		0.71300	0.57500	0.30590		http://search.digikey.com/scripts/DkSearch/dksus.dll?x=0&y=0&lang=en&site=us&KeyWords=DF13-7P-1.25H%2820%29	http://www.hirose.co.jp/cataloge_hp/e53600014.pdf					
ADNS-2080	Avago Technologies US Inc.	DK	516-2309-5-ND	LOW POWER OPTICAL MOUSE SENSOR	10	100	1000		1.45100	1.14660	0.70200		http://search.digikey.com/us/en/cat/sensors-transducers/optical-mouse-sensor/1966634?k=ADNS-2080	http://www.avagotech.com/docs/AV02-2668EN					
UVR1H101MPD	Nichicon	DK	493-1107-ND	CAP ALUM 100UF 50V 20% RADIAL	10	100	1000		0.21000	0.11900	0.07350		http://search.digikey.com/us/en/products/UVR1H101MPD/493-1107-ND/588848	http://nichicon-us.com/english/products/pdfs/e-vr.pdf					
ECA-1HM4R7	Panasonic - ECG	DK	P5177-ND	CAP ALUM 4.7UF 50V 20% RADIAL 2MM SPACING 5 MM WIDTH	1	100	1000		0.20000	0.06800	0.04117		http://search.digikey.com/us/en/products/ECA-1HM4R7/P5177-ND/245036	http://industrial.panasonic.com/www-data/pdf/ABA0000/ABA0000CE12.pdf					
C3D03060F	Cree Inc	DK	C3D03060F-ND	DIODE SCHOTTKY 600V 3A TO220	1	100	1000		1.96000	1.84000	1.23000		http://search.digikey.com/us/en/products/C3D03060F/C3D03060F-ND/2551964	http://www.cree.com/products/pdf/C3D03060F.pdf					
LD1117V33C	STMicroelectronics	DK	497-1492-5-ND	IC REG LDO 3.3V 950MA TO220	10	100	1000		0.56400	0.43470	0.25760		http://search.digikey.com/us/en/products/LD1117V33C/497-1492-5-ND/586013	http://www.st.com/internet/com/TECHNICAL_RESOURCES/TECHNICAL_LITERATURE/DATASHEET/CD00000544.pdf					
MFR-25FBF-10K0	Yageo	DK	10.0KXBK-ND	RES 10.0K OHM 1/4W 1% METAL FILM	10	200	1000		0.09100	0.03715	0.01670		http://search.digikey.com/us/en/products/MFR-25FBF-10K0/10.0KXBK-ND/13219	http://www.yageo.com/documents/recent/Leaded-R_MFR_2011.pdf					
MFR-25FBF-205R	Yageo	DK	205XBK-ND	RES 205 OHM 1/4W 1% METAL FILM	10	200	1000		0.09100	0.03715	0.01670		http://search.digikey.com/us/en/products/MFR-25FBF-205R/205XBK-ND/12857	http://www.yageo.com/documents/recent/Leaded-R_MFR_2011.pdf					
RC0402JR-07270RL	Yageo	DK	311-270JRCT-ND	RES 270 OHM 1/16W 5% 0402 SMD	10	50	1000		0.01200	0.00900	0.00253	311-270JRDKR-ND	http://search.digikey.com/us/en/products/RC0402JR-07270RL/311-270JRCT-ND/729395	http://www.yageo.com/documents/recent/PYu-RC0402_51_RoHS_L_6.pdf					
RC0402JR-0782RL	Yageo	DK	311-82JRCT-ND	RES 82 OHM 1/16W 5% 0402 SMD	10	50	1000		0.01200	0.00900	0.00253	311-82JRDKR-ND	http://search.digikey.com/us/en/products/RC0402JR-0782RL/311-82JRCT-ND/729456	http://www.yageo.com/documents/recent/PYu-RC0402_51_RoHS_L_6.pdf					
MAX4634EUB+	Maxim Integrated Products	DK	MAX4634EUB+-ND	IC MULTIPLEXER 4X1 10UMAX	1	25	500		3.03000	2.02480	1.44200		http://search.digikey.com/us/en/products/MAX4634EUB%2B/MAX4634EUB%2B-ND/948010	http://datasheets.maxim-ic.com/en/ds/MAX4634.pdf					
BM12B-SRSS-TB(LF)(SN)	JST Sales America Inc	DK	455-1798-1-ND	CONN HEADER SH 12POS TOP 1MM TIN	1	10	500		1.16000	1.07500	0.71680		http://search.digikey.com/us/en/products/BM12B-SRSS-TB(LF)(SN)/455-1798-1-ND/926869	http://www.jst-mfg.com/product/pdf/eng/eSH.pdf					
BSS123	Infineon Technologies	DK	BSS123L6327INCT-ND	MOSFET N-CH 100V 170MA SOT-23	1	100	1000		0.35000	0.15120	0.06552		http://search.digikey.com/us/en/products/BSS123%20L6327/BSS123L6327INCT-ND/1287714	http://www.infineon.com/dgdl/BSS123_Rev1.4.pdf?folderId=db3a304412b407950112b408e8c90004&fileId=db3a304412b407950112b42f346b4b17					
DF13-15P-1.25H(20)	Hirose Electric Co Ltd	DK	H3379-ND	CONN HEADER 15POS 1.25MM R/A TIN	1	50	1000		1.52000	1.00000	0.53200		http://search.digikey.com/us/en/products/DF13A-15P-1.25H(20)/H3379-ND/530676	http://www.hirose.co.jp/cataloge_hp/e53600014.pdf					
ZXMS6004FFTA	Diodes/Zetex	DK	ZXMS6004FFCT-ND	MOSFET N-CH 60V 1.3A SOT23F	1	10	1000		0.99000	0.88400	0.42900	ZXMS6004FFDKR-ND	http://search.digikey.com/us/en/products/ZXMS6004FFTA/ZXMS6004FFCT-ND/1987507	http://www.diodes.com/datasheets/ZXMS6004FF.pdf					
BMA180	Bosch Sensortec	DK	828-1019-1-ND	ACCELEROMETER 3 AXIS SPI/I2C 3X3	1	10	1000		6.66000	5.55000	3.55200		http://search.digikey.com/us/en/products/BMA180/828-1019-1-ND/2416314	http://www.bosch-sensortec.com/content/language1/downloads/BST-BMA180-FL000-03.pdf					
MPU-6000	Invensense	INV	MPU-6000																
MS5611-01BA	Measurement Specialties Inc	MEAS	MS5611-01BA																
DF13-5P-1.25H(20)	Hirose Electric Co Ltd	DK	H2222-ND	CONN HEADER 5POS 1.25MM R/A TIN	1	50	1000		0.72000	0.47500	0.25270		http://search.digikey.com/us/en/products/DF13-5P-1.25H(20)/H2222-ND/241795	http://www.hirose.co.jp/cataloge_hp/e53600014.pdf					
DF13-6P-1.25H(20)	Hirose Electric Co Ltd	DK	H2223-ND	CONN HEADER 6POS 1.25MM R/A TIN	1	50	1000		0.76000	0.50000	0.26600		http://search.digikey.com/us/en/products/DF13-6P-1.25H(20)/H2223-ND/241796	http://www.hirose.co.jp/cataloge_hp/e53600014.pdf					
B8B-PH-K-S(LF)(SN)	JST Sales America Inc	DK	455-1710-ND	CONN HEADER PH TOP 8POS 2MM	1	10	1000		0.36000	0.33000	0.18263		http://search.digikey.com/us/en/products/B8B-PH-K-S(LF)(SN)/455-1710-ND/926617	http://www.jst-mfg.com/product/pdf/eng/ePH.pdf					
AOD417	Alpha & Omega Semiconductor Inc	DK	785-1106-1-ND	MOSFET P-CH -30V -25A TO-252	1	25	1000		0.59000	0.41600	0.20520		http://search.digikey.com/us/en/products/AOD417/785-1106-1-ND/1856049	http://www.aosmd.com/res/data_sheets/AOD417.pdf					
2N7002PS,115	NXP Semiconductors	DK	568-5984-1-ND	MOSFET N-CH DUAL 60V SOT-363	1	25	1000		0.53000	0.29640	0.09750		http://search.digikey.com/us/en/products/2N7002PS,115/568-5984-1-ND/2531271	http://www.nxp.com/documents/data_sheet/2N7002PS.pdf					
IRFR5505TRPBF	International Rectifier	DK	IRFR5505PBFCT-ND	MOSFET P-CH 55V 18A DPAK	1	10	1000		1.25000	0.72900	0.39698	IRFR5505PBFDKR-ND	http://search.digikey.com/us/en/products/IRFR5505TRPBF/IRFR5505PBFCT-ND/827842	http://www.irf.com/product-info/datasheets/data/irfr5505pbf.pdf					
ERJ-2RKF1001X	Panasonic - ECG	DK	P1.00KLCT-ND	RES 1.00K OHM 1/10W 1% 0402 SMD	1	50	1000		0.06000	0.02420	0.00672	P1.00KLDKR-ND	http://search.digikey.com/us/en/products/ERJ-2RKF1001X/P1.00KLDKR-ND/575433	http://industrial.panasonic.com/www-cgi/jvcr13pz.cgi?E+PZ+3+AOA0002+ERJ2RKF1001X+7+WW					
ERJ-2RKF56R0X	Panasonic - ECG	DK	P56.0LCT-ND	RES 56.0 OHM 1/10W 1% 0402 SMD	1	50	1000		0.06000	0.02420	0.00672	P56.0LDKR-ND	http://search.digikey.com/us/en/products/ERJ-2RKF56R0X/P56.0LCT-ND/1746705	http://industrial.panasonic.com/www-cgi/jvcr13pz.cgi?E+PZ+3+AOA0002+ERJ2RKF56R0X+7+WW					
RC0402JR-07470RL	Yageo	DK	311-470JRCT-ND	RES 470 OHM 1/16W 5% 0402 SMD	10	50	1000		0.01200	0.00900	0.00253	311-470JRDKR-ND	http://search.digikey.com/us/en/products/RC0402JR-07470RL/311-470JRCT-ND/729429	http://www.yageo.com/documents/recent/PYu-RC0402_51_RoHS_L_6.pdf					
MS12ASG30	NKK Switches	DK	360-2390-ND	SW SLIDE SPDT 0.4VA GOLD R/A PC	1	50	1000		5.00000	4.20000	2.90000		http://search.digikey.com/scripts/DkSearch/dksus.dll?vendor=0&keywords=MS12ASG30&stock=1	http://www.nkkswitches.com/pdf/MSnonilluminated.pdf					
PKM13EPYH4000-A0	Murata Electronics North America	DK	490-4698-ND	BUZZER PIEZO 30VP-P 4KHZ PC MT	1	50	1000		0.78000	0.45940	0.26256		http://search.digikey.com/scripts/DkSearch/dksus.dll?vendor=0&keywords=PKM13EPYH4000-A0	http://www.murata.com/products/catalog/pdf/p37e.pdf					
BSS84DW-7-F	Diodes Inc	DK	BSS84DW-FDICT-ND	MOSFET P-CHAN DUAL 50V SC70-6	1	10	1000		0.54000	0.42800	0.15000		http://search.digikey.com/us/en/products/BSS84DW-7-F/BSS84DW-FDICT-ND/717845	http://www.diodes.com/datasheets/ds30204.pdf					
ERA-2AEB473X	Panasonic - ECG	DK	P47KDCCT-ND	RES 47K OHM 1/16W .1% 0402 SMD	1	50	1000		0.60000	0.24840	0.10368	P47KDCDKR-ND	http://search.digikey.com/us/en/products/ERA-2AEB473X/P47KDCCT-ND/1706223	http://industrial.panasonic.com/www-cgi/jvcr13pz.cgi?E+PZ+3+AOA0026+ERA2AEB473X+7+WW					
ERA-2AEB103X	Panasonic - ECG	DK	P10KDCCT-ND	RES 10K OHM 1/16W .1% 0402 SMD	1	50	1000		0.60000	0.24840	0.10368	P10KDCDKR-ND	http://search.digikey.com/us/en/products/ERA-2AEB103X/P10KDCCT-ND/1706207	http://industrial.panasonic.com/www-cgi/jvcr13pz.cgi?E+PZ+3+AOA0026+ERA2AEB103X+7+WW					
RC0402JR-072KL	Yageo	DK	311-2.0KJRCT-ND	RES 2.0K OHM 1/16W 5% 0402 SMD	10	50	1000		0.01200	0.00900	0.00253	311-2.0KJRDKR-ND	http://search.digikey.com/us/en/products/RC0402JR-072KL/311-2.0KJRCT-ND/729381	http://www.yageo.com/documents/recent/PYu-RC0402_51_RoHS_L_6.pdf					
24LC01BT-I/OT	Microchip Technology	DK	24LC01BT-I/OTCT-ND	IC EEPROM 1KBIT 400KHZ SOT23-5	1	10	100		0.29000	0.18200	0.17000		http://search.digikey.com/us/en/products/24LC01BT-I%2FOT/24LC01BT-I%2FOTCT-ND/721417	http://ww1.microchip.com/downloads/en/DeviceDoc/21711J.pdf					
ERA-2AEB102X	Panasonic - ECG	DK	P1.0KDCCT-ND	RES 1.0K OHM 1/16W .1% 0402 SMD	1	50	1000		0.60000	0.24840	0.10368	P1.0KDCDKR-ND	http://search.digikey.com/us/en/products/ERA-2AEB102X/P1.0KDCCT-ND/1706183	http://industrial.panasonic.com/www-cgi/jvcr13pz.cgi?E+PZ+3+AOA0026+ERA2AEB102X+7+WW					
SM12B-SRSS-TB(LF)(SN)	JST Sales America Inc	DK	455-1812-1-ND	CONN HEADR SH 12POS SIDE 1MM TIN	1	10	500		1.16000	1.07000	0.71330	455-1812-6-ND	http://search.digikey.com/us/en/products/SM12B-SRSS-TB(LF)(SN)/455-1812-1-ND/926883	http://www.jst-mfg.com/product/pdf/eng/eSR.pdf					
DF13A-5P-1.25H(20)	Hirose Electric Co Ltd	DK	H3370-ND	CONN HEADER 5POS 1.25MM R/A TIN	1	50	1000		0.72000	0.47500	0.25270		http://search.digikey.com/scripts/dksearch/dksus.dll?vendor=0&keywords=DF13A-5P-1.25H%2820%29	http://www.hirose.co.jp/cataloge_hp/e53600014.pdf					
DF13A-6P-1.25H(20)	Hirose Electric Co Ltd	DK	H3371-ND	CONN HEADER 6POS 1.25MM R/A TIN	1	50	1000		0.76000	0.50000	0.26600		http://search.digikey.com/scripts/dksearch/dksus.dll?vendor=0&keywords=DF13A-6P-1.25H%2820%29	http://www.hirose.co.jp/cataloge_hp/e53600014.pdf					
DF13A-15P-1.25H(20)	Hirose Electric Co Ltd	DK	H3379-ND	CONN HEADER 15POS 1.25MM R/A TIN	1	50	1000		1.52000	1.00000	0.53200		http://search.digikey.com/scripts/dksearch/dksus.dll?vendor=0&keywords=DF13A-15P-1.25H%2820%29	http://www.hirose.co.jp/cataloge_hp/e53600014.pdf					
DF13-5P-1.25DSA(20)	Hirose Electric Co Ltd	DK	H2194-ND	CONN HEADER 5POS 1.25MM STR TIN	1	50	1000		0.65000	0.34840	0.17415		http://search.digikey.com/us/en/products/DF13-5P-1.25DSA/H2194-ND/241768	http://www.hirose.co.jp/cataloge_hp/e53600014.pdf					
DF13-7P-1.25DSA(20)	Hirose Electric Co Ltd	DK	H2194-ND	CONN HEADER 5POS 1.25MM STR TIN	1	50	1000		0.65000	0.34840	0.17415		http://search.digikey.com/us/en/products/DF13-5P-1.25DSA/H2194-ND/241768	http://www.hirose.co.jp/cataloge_hp/e53600014.pdf					
DF13A-7P-1.25H(20)	Hirose Electric Co Ltd	DK	H3372-ND	CONN HEADER 7POS 1.25MM R/A TIN	1	50	1000		0.76000	0.62000	0.26600		http://search.digikey.com/scripts/dksearch/dksus.dll?vendor=0&keywords=DF13A-7P-1.25H%2820%29	http://www.hirose.co.jp/cataloge_hp/e53600014.pdf					
DF13-2P-1.25H(20)	Hirose Electric Co Ltd	DK	H3367-ND	CONN HEADER 2POS 1.25MM R/A TIN	10	100	500		0.42000	0.28200	0.20400		http://search.digikey.com/scripts/DkSearch/dksus.dll?vendor=0&keywords=DF13A-2P-1.25H%2820%29	http://www.hirose.co.jp/cataloge_hp/e53600014.pdf					
BAT54C-7-F	Diodes Inc	DK	BAT54C-FDICT-ND	DIODE SCHOTTKY DUAL 30V SOT23-3	10	100	500		0.18400	0.12050	0.05890	BAT54C-FDIDKR-ND	http://search.digikey.com/us/en/products/BAT54C-7-F/BAT54C-FDICT-ND/717821	http://www.diodes.com/datasheets/ds11005.pdf					
NPPN101BFCN-RC	Sullins Connector Solutions	DK	S5751-10-ND	CONN RECEPT 2MM SINGLE STR 10POS	10	50	250		0.92300	0.76960	0.59852		http://search.digikey.com/us/en/products/NPPN101BFCN-RC/S5751-10-ND/804812	http://www.sullinscorp.com/catalogs/114_PAGE96-97_2mm_FEMALE_HDR.pdf					
MIC5207-1.8YM5	Micrel Inc	DK	576-2745-1-ND	IC REG LDO 180MA 3% 1.8V SOT23-5	1	25	250		0.81000	0.67520	0.40500	576-2745-6-ND	http://search.digikey.com/us/en/products/MIC5207-1.8YM5%20TR/576-2745-1-ND/1821905	http://www.micrel.com/_PDF/mic5207.pdf					
C1005C0G1H080C	TDK Corporation	DK	445-4890-1-ND	CAP CER 8PF 50V NP0 0402	10	250	500		0.02600	0.00992	0.00848	445-4890-6-ND	http://search.digikey.com/us/en/products/C1005C0G1H080C/445-4890-1-ND/2093504	http://www.tdk.com/pdf/TDKMLCCCapRange.pdf					
PJ-202A	CUI Inc	DK	CP-202A-ND	CONN POWER JACK 2.1MM PCB	10	100	1000		0.64400	0.43240	0.31280		http://search.digikey.com/us/en/products/PJ-202A/CP-202A-ND/252007	http://products.cui.com/GetSpecForDigiKey.aspx?MFGNum=PJ-202A					
DMS-20LCD-2-5-C	Murata Power Solutions Inc	DK	811-1017-ND	DPM LCD 20VDC 3.5DIGIT 5V SUPPLY	1	5	10		32.00000	30.50000	29.00000		http://search.digikey.com/us/en/products/DMS-20LCD-2-5-C/811-1017-ND/1926060	http://www.murata-ps.com/data/meters/20lcd.pdf					
S1751-46R	Harwin Inc	DK	952-1478-1-ND	PC TEST POINT TIN SMD	10	100	500		0.39900	0.20000	0.15642	952-1478-6-ND	http://search.digikey.com/us/en/products/S1751-46R/952-1478-1-ND/2264564	http://www.harwin.com/include/downloads/drawings/S1751.PDF					
105-1101-001	Emerson Network Power Connectivity Solutions	DK	J575-ND	CONN JACK TEST HORIZ INSUL MINI	1	10	50		0.62000	0.55400	0.51980		http://search.digikey.com/scripts/dksearch/dksus.dll?vendor=0&keywords=105-1101-001	http://emersonconnectivity.com/OA_MEDIA/specs/pi-1051101001.pdf					
2N7002P,215	NXP Semiconductors	DK	568-5818-1-ND	MOSFET N-CH SGL 60V SOT-23	10	100	500		0.12700	0.08340	0.04078	568-5818-6-ND	http://search.digikey.com/us/en/products/2N7002P,215/568-5818-1-ND/2531105	http://www.nxp.com/documents/data_sheet/2N7002P.pdf					
F931E475KAA	Nichicon	DK	493-4186-1-ND	CAP TANT 4.7UF 25V 10% 1206/3216	10	100	500		0.76300	0.51840	0.41760	493-4186-6-ND	http://search.digikey.com/us/en/products/F931E475KAA/493-4186-1-ND/2529913	http://nichicon-us.com/english/products/pdfs/e-f93.pdf					
CD4017BPWR	Texas Instruments	DK	296-14252-1-ND	IC 10-OUT DECADE COUNTER 16TSSOP	10	100	500		0.38300	0.28740	0.21112	296-14252-6-ND	http://search.digikey.com/us/en/products/CD4017BPWR/296-14252-1-ND/528345	http://www.ti.com/lit/ds/symlink/cd4017b.pdf					
SSL-LX5093BSRD	Lumex Opto/Components Inc	DK	67-1499-ND	LED 5MM BLINKING SUPER RED DIFF	1	10	100		0.96000	0.74900	0.53500		http://search.digikey.com/us/en/products/SSL-LX5093BSRD/67-1499-ND/273364	http://www.lumex.com/specs/SSL-LX5093BSRD.pdf					
LD1117S50	STMicroelectronics	DK	497-1243-1-ND	IC REG LDO 5V 950MA SOT-223	10	100	500		0.40800	0.30590	0.22474	497-1243-6-ND	http://www.digikey.com/product-detail/en/LD1117S50CTR/497-1243-1-ND/586243	http://www.st.com/internet/com/TECHNICAL_RESOURCES/TECHNICAL_LITERATURE/DATASHEET/CD00000544.pdf					
951230-8622-AR	3M	DK	3M9182-ND	CONN HEADER 30POS 2MM VERT T/H	1	100	1000		2.03	1.57500	1.12500		http://www.digikey.com/product-detail/en/951230-8622-AR/3M9182-ND/1958910	http://multimedia.3m.com/mws/mediawebserver?66666UuZjcFSLXTtmXMEmxMyEVuQEcuZgVs6EVs6E666666--					
MFP-25BRD52-47K	Yageo	DK	47KADCT-ND	RES 47K OHM 1/4W 0.1% MF AXL	1	100	1000		0.55	0.21850	0.11040		http://www.digikey.com/product-detail/en/MFP-25BRD52-47K/47KADCT-ND/2059139	http://www.yageo.com/documents/recent/Leaded-R_MFP_2011.pdf					
UVR1V101MED	Nichicon	DK	493-1081-ND	CAP ALUM 100UF 35V 20% RADIAL	1	100	1000		0.28000	0.10880	0.06720		http://www.digikey.com/product-detail/en/UVR1V101MED/493-1081-ND/588822	http://nichicon-us.com/english/products/pdfs/e-vr.pdf					
R-785.0-1.0	Recom Power Inc	DK	945-1038-ND	CONV DC/DC 1A 5V OUT SIP VERT	1	100	250		7.49000	6.63400	6.42000		http://www.digikey.com/product-search/en?x=0&y=0&KeyWords=R-785.0-1.0	http://www.recom-power.com/pdf/Innoline/R-78xx-1.0.pdf					
1N5817	Fairchild Semiconductor	DK	1N5817FSCT-ND	DIODE SCHOTTKY 20V 1A DO41	1	100	1000		0.50000	0.21240	0.09219		http://www.digikey.com/product-detail/en/1N5817/1N5817FSCT-ND/1532776	http://www.fairchildsemi.com/ds/1N/1N5817.pdf					
MFP-25BRD52-10K	Yageo	DK	MFP-25BRD52-10K	RES 10K OHM 1/4W 0.1% MF AXL	1	100	1000		0.55000	0.21850	0.11040		http://www.digikey.com/product-detail/en/MFP-25BRD52-10K/10KADCT-ND/2059114	http://www.yageo.com/documents/recent/Leaded-R_MFP_2011.pdf					
DF13C-2P-1.25V(20)	Hirose Electric Co Ltd	DK	H3419-ND	CONN HEADER 2POS 1.25MM SMD TIN	10	500	5000		0.48000	0.22080	0.14904		http://www.digikey.com/product-detail/en/DF13C-2P-1.25V(20)/H3419-ND/241757	http://www.hirose.co.jp/cataloge_hp/e53600014.pdf					
DF13C-3P-1.25V(20)	Hirose Electric Co Ltd	DK	H3420-ND	CONN HEADER 3POS 1.25MM SMD TIN	10	500	5000		0.41900	0.22724	0.15907		http://www.digikey.com/product-detail/en/DF13C-3P-1.25V(20)/H3420-ND/530717	http://www.hirose.co.jp/cataloge_hp/e53600014.pdf					
DF13C-4P-1.25V(20)	Hirose Electric Co Ltd	DK	H3421-ND	CONN HEADER 4POS 1.25MM SMD TIN	10	500	5000		0.54700	0.29716	0.20801		http://www.digikey.com/product-detail/en/DF13C-4P-1.25V(20)/H3421-ND/530718	http://www.hirose.co.jp/cataloge_hp/e53600014.pdf					
FM25V01-G	Cypress Semiconductor Corp	DK	428-3211-ND	IC FRAM 128KBIT 40MHZ SRL 8SOIC	1	500	5000		6.97000	4.59650	4.04175		http://www.digikey.com/product-detail/en/FM25V01-G/428-3211-ND/3788673	http://www.ramtron.com/files/datasheets/FM25V01_ds.pdf					
TXS0108ERGYR	Texas Instruments	DK	296-24806-1-ND	IC XLATR VOLT-LVL 8B BDIR 20QFN	10	500	3000		2.07400	0.93600	0.90	296-24806-2-ND	http://www.digikey.com/product-detail/en/TXS0108ERGYR/296-24806-1-ND/2092628	http://www.ti.com/lit/ds/symlink/txs0108e.pdf					
MS621FE-FL11E	Seiko Instruments	DK	728-1057-ND	BATTERY LITHIUM 3V RECHARGE	10	500	2500		1.73300	1.15500	0.98175		http://www.digikey.com/product-detail/en/MS621FE-FL11E/728-1057-ND/1889208	http://speed.sii.co.jp/data/file_PRODUCT_MASTER_50112_TITLE_IMAGESP.pdf					
DF13C-6P-1.25V(20)	Hirose Electric Co Ltd	DK	H3423-ND	CONN HEADER 6POS 1.25MM SMD TIN	10	500	5000		0.64400	0.34960	0.24472		http://www.digikey.com/product-detail/en/DF13C-6P-1.25V(20)/H3423-ND/242043	http://www.hirose.co.jp/cataloge_hp/e53600014.pdf					
DF13C-7P-1.25V(20)	Hirose Electric Co Ltd	DK	H3424-ND	CONN HEADER 7POS 1.25MM SMD TIN	10	500	5000		0.67600	0.36708	0.25696		http://www.digikey.com/product-detail/en/DF13C-7P-1.25V(20)/H3424-ND/530721	http://www.hirose.co.jp/cataloge_hp/e53600014.pdf					
LT3028EDHC	Linear Technology	DK	LT3028EDHC#PBF-ND	IC REG LDO ADJ .5A/.1A 16-DFN	1	100			5.62000	2.97510			http://www.digikey.com/product-detail/en/LT3028EDHC%23PBF/LT3028EDHC%23PBF-ND/963081	http://www.linear.com/docs/5401					
B3B-ZR-SM4-TF (LF)(SN)(P)	JST Sales America Inc	DK	455-1682-1-ND	CONN HEADER ZH TOP 3POS 1.5MM	10	500	1000		0.58900	0.39270	0.29453	455-1682-2-ND	http://www.digikey.com/product-detail/en/B3B-ZR-SM4-TF%20(LF)(SN)(P)/455-1682-1-ND/926809	http://www.jst-mfg.com/product/pdf/eng/eZH.pdf					
CC0805ZKY5V6BB106	Yageo	DK	311-1355-1-ND	CAP CER 10UF 10V Y5V 0805	10	500	3000		0.11000	0.03678	0.02580	311-1355-2-ND	http://www.digikey.com/product-detail/en/CC0805ZKY5V6BB106/311-1355-1-ND/2103139	http://media.digikey.com/pdf/Data%20Sheets/Yageo%20PDFs/MLCC%20ordering%20code.pdf					
UMK325BJ106MM-T	Taiyo Yuden	DK	587-2225-1-ND	CAP CER 10UF 50V 20% X5R 1210	10	500	2500		0.53600	0.16000	0.12800	587-2225-2-ND	http://www.digikey.com/product-detail/en/UMK325BJ106MM-T/587-2225-1-ND/2002923	http://www.yuden.co.jp/productdata/catalog/en/mlcc01_e.pdf					
STM32F103C8T7	STMicroelectronics	DK	497-11517-ND	MCU ARM 32BIT 64K FLASH 48-LQFP	10	500	2500		5.91300	4.07340	3.41640		http://www.digikey.com/product-search/en?x=0&y=0&lang=en&site=us&KeyWords=STM32F103C8T7	http://www.st.com/internet/com/TECHNICAL_RESOURCES/TECHNICAL_LITERATURE/DATASHEET/CD00161566.pdf					
UMK212F105ZG-T	Taiyo Yuden	DK	587-1308-1-ND	CAP CER 1UF 50V Y5V 0805	10	500	3000		0.08300	0.02656	0.01725	587-1308-2-ND	http://www.digikey.com/product-detail/en/UMK212F105ZG-T/587-1308-1-ND/931085	http://www.yuden.co.jp/productdata/catalog/en/mlcc01_e.pdf					
NX1117CE33Z,115	NXP Semiconductors	DK	568-8443-1-ND	IC REG LDO 3.3V 1A SOT-223 (max. 20V, 1.07V @ 800mA)	10	500	2000		0.45900	0.21612	0.14438	568-8443-2-ND	http://www.digikey.com/product-detail/en/NX1117CE33Z,115/568-8443-1-ND/2765160	http://www.nxp.com/documents/data_sheet/NX1117C_NX1117CE_SER.pdf					
LRTB GFTG-T7AW-1+V7A7-29+R5T9-49-L	OSRAM Opto Semiconductors Inc	DK	475-2822-1-ND	LED MULTILED RGB DIFF 6PLCC	10	500	4000		0.75000	0.48024	0.45023	475-2822-2-ND	http://www.digikey.com/product-detail/en/LRTB%20GFTG-T7AW-1%2BV7A7-29%2BR5T9-49-L/475-2822-1-ND/2176361	http://media.digikey.com/pdf/Data%20Sheets/Osram%20PDFs/LRTB_GFTG.pdf					
ZXCT1051	Diodes Inc	DK	ZXCT1051E5CT-ND	IC CURRENT MONITOR 1% SOT23-5	10	500	3000		1.27600	0.78400	0.56000	ZXCT1051E5TR-ND	http://www.digikey.com/product-detail/en/ZXCT1051E5TA/ZXCT1051E5CT-ND/1117438	http://www.diodes.com/datasheets/ZXCT1051.pdf					
IR2301SPBF	International Rectifier	DK	IR2301SPBF-ND	IC DRIVER HIGH/LOW SIDE 8SOIC	10	500	2500		2.45900	1.75358	1.60505	IR2301SPBFTR-ND	http://www.digikey.com/product-detail/en/IR2301SPBF/IR2301SPBF-ND/856525	http://www.irf.com/product-info/datasheets/data/ir2301.pdf					
IRLR7843	International Rectifier	DK	IRLR7843PBFCT-ND	MOSFET N-CH 30V 161A DPAK	10	500	10000		1.35900	0.87892	0.65565	IRLR7843PBFTR-ND	http://www.digikey.com/product-detail/en/IRLR7843TRPBF/IRLR7843PBFCT-ND/812583	http://www.irf.com/product-info/datasheets/data/irlr7843pbf.pdf					
MAX3051EKA	Maxim Integrated	DK	MAX3051EKA+TCT-ND	IC TXRX CAN 3.3V SOT23-8	1	500	2500		2.35000	1.41494	1.10543	MAX3051EKA+TTR-ND	http://www.digikey.com/product-detail/en/MAX3051EKA%2BT/MAX3051EKA%2BTCT-ND/2699450	http://datasheets.maximintegrated.com/en/ds/MAX3051.pdf					
BAS21AHT1G	ON Semiconductor	DK	BAS21AHT1GOSCT-ND		10	500	3000		0.21000	0.06292	0.03749	BAS21AHT1GOSTR-ND	http://www.digikey.com/product-detail/en/BAS21AHT1G/BAS21AHT1GOSCT-ND/1802358	http://www.onsemi.com/pub_link/Collateral/BAS21AHT1-D.PDF					
PMR10EZPFU5L00	Rohm Semiconductor	DK	RHM.005AJCT-ND	RES .005 OHM 1/2W 1% 0805 SMD	10	500	5000		0.52000	0.25246	0.17550		http://www.digikey.com/product-detail/en/PMR10EZPFU5L00/RHM.005AJCT-ND/2094221	http://media.digikey.com/pdf/Data%20Sheets/Rohm%20PDFs/PMR10-SERIES.pdf					
RC0402FR-07220RL	Yageo	DK	311-220LRTR-ND	RES 220 OHM 1/16W 1% 0402 SMD	10	500	10000		0.01400	0.00382	0.00149		http://www.digikey.com/product-detail/en/RC0402FR-07220RL/311-220LRCT-ND/729512	http://www.yageo.com/documents/recent/PYu-RC0402_51_RoHS_L_6.pdf					
RC0402FR-07100RL	Yageo	DK	311-100LRCT-ND	RES 100 OHM 1/16W 1% 0402 SMD	10	500	10000		0.01400	0.00382	0.00149	311-100LRTR-ND	http://www.digikey.com/product-detail/en/RC0402FR-07100RL/311-100LRCT-ND/729474	http://www.yageo.com/documents/recent/PYu-RC0402_51_RoHS_L_6.pdf					
	Hirose Electric Co Ltd	DK	H3422-ND	CONN HEADER 5POS 1.25MM SMD TIN	10	500	5000		0.61200	0.33212	0.23248		http://www.digikey.com/product-search/en?x=0&y=0&lang=en&site=us&KeyWords=DF13C-5P-1.25V%2820%29	http://www.hirose.co.jp/cataloge_hp/e53600014.pdf					
NUF2042XV6T1G	ON Semiconductor	DK	NUF2042XV6T1GOSCT-ND	IC FILTER USB ESD PROTECT SOT363	10	500	4000		0.28600	0.20240	0.13600		http://www.digikey.com/product-detail/en/NUF2042XV6T1G/NUF2042XV6T1GOSCT-ND/2122047	http://www.onsemi.com/pub_link/Collateral/NUF2030XV6-D.PDF					
DF13C-5P-1.25V(20)	Hirose Electric Co Ltd	DK	H3422-ND	CONN HEADER 5POS 1.25MM SMD TIN	10	500	5000		0.61200	0.41080	0.23248		http://www.digikey.com/product-search/en?x=0&y=0&lang=en&site=us&KeyWords=DF13C-5P-1.25V%2820%29	http://www.hirose.co.jp/cataloge_hp/e53600014.pdf					
LT3469ETS8	Linear Technology	DK	LT3469ETS8#TRMPBFCT-ND	IC AMP DVR W/REG 1.3MHZ TSOT23-8	25	100	2500		3.73760	3.36380	2.12054	LT3469ETS8#TRPBF-ND	http://www.digikey.com/product-detail/en/LT3469ETS8%23TRMPBF/LT3469ETS8%23TRMPBFCT-ND/3830402	http://www.linear.com/docs/2739					
KNH16C104DA5TS	AVX Corp/Kyocera Corp	DK	478-6878-1-ND	FILTER CAP 0.1UF 2A 25V 0603	10	500	5000		0.28000	0.10200	0.06800	KNH16C104DA5TS	http://www.digikey.com/product-detail/en/KNH16C104DA5TS/478-6878-1-ND/2781120	http://global.kyocera.com/prdct/electro/pdf/emc/knh-ce.pdf					
74LVC2G240DP,125	NXP Semiconductors	DK	568-8979-1-ND	IC INVERTER DUAL 4-INPUT 8TSSOP	10	500	3000		0.45300	0.24970	0.17050	568-8979-2-ND	http://www.digikey.com/product-detail/en/74LVC2G240DP,125/568-8979-1-ND/2813897	http://www.nxp.com/documents/data_sheet/74LVC2G240.pdf					
TCA62724FMG	Toshiba	DK	TCA62724FMGTR-ND	IC LED DRIVER RGB 10-SON	1	1	3000		0.97000	0.97000	0.31900	IC LED DRIVER RGB 10-SON	http://www.digikey.com/product-detail/en/TCA62724FMG(O,EL)/TCA62724FMGTR-ND/1730086	http://media.digikey.com/pdf/Data%20Sheets/Toshiba%20PDFs/TCA62753FUG.pdf					
MIC5332-SSYMT	Micrel Inc	DK	576-4110-1-ND	IC REG LDO 3.3V .3A 8MLF	10	500	2500		1.83000	1.15900	0.88450		http://www.digikey.com/product-detail/en/MIC5332-SSYMT%20TR/576-4110-1-ND/3671745	http://www.micrel.com/_PDF/mic5332.pdf					
FR014H5JZ	Fairchild Semiconductor	DK	FR014H5JZCT-ND	HI SIDE REV BIAS PROTECT MLP	10	500	3000		0.68600	0.39140	0.27550		http://www.digikey.com/product-detail/en/FR014H5JZ/FR014H5JZCT-ND/3306339	http://www.fairchildsemi.com/ds/FR/FR014H5JZ.pdf					
BQ24313DSGT	Texas Instruments	DK	296-23933-1-ND	IC LI+ CHARGER FRONT END 8-SON	10	100	3000		1.15800	0.49010	0.39375	BQ24313DSGR-ND	http://www.digikey.com/product-detail/en/BQ24313DSGT/296-23933-1-ND/1979169	http://www.ti.com/lit/ds/symlink/bq24313.pdf					
BQ24315DSGR	Texas Instruments	DK	296-23341-1-ND	IC LI+ CHARGER FRONT END 8-SON	10	500	3000		1.00500	0.40950	0.39375	296-23341-2-ND	http://www.digikey.com/product-detail/en/BQ24315DSGR/296-23341-2-ND/1833276	http://www.ti.com/lit/ds/symlink/bq24315.pdf					
PESD0402-140	TE Connectivity	DK	PESD0402-140CT-ND	ESD PROTECTOR 0402 14VDC POLYMER	10	500	10000		0.17900	0.12676	0.08450	PESD0402-140TR-ND	http://www.digikey.com/product-detail/en/PESD0402-140/PESD0402-140CT-ND/1968526	http://documents.tycoelectronics.com/commerce/DocumentDelivery/DDEController?Action=showdoc&DocId=Specification+Or+Standard%7FSCD27440%7FB%7Fpdf%7FEnglish%7FENG_SS_SCD27440_B.pdf					
RC0402FR-07120RL	Yageo	DK	311-120LRCT-ND	RES 120 OHM 1/16W 1% 0402 SMD	10	500	10000		0.01400	0.00382	0.00149	311-120LRTR-ND	http://www.digikey.com/product-detail/en/RC0402FR-07120RL/311-120LRCT-ND/729482	http://www.yageo.com/documents/recent/PYu-RC0402_51_RoHS_L_6.pdf					
RC0402FR-07270RL	Yageo	DK	311-270LRCT-ND	RES 270 OHM 1/16W 1% 0402 SMD	10	500	5000		0.01400	0.00382	0.00203	311-270LRTR-ND	http://www.digikey.com/product-detail/en/RC0402FR-07270RL/311-270LRCT-ND/2827902	http://www.yageo.com/documents/recent/PYu-RC0402_51_RoHS_L_6.pdf					
RC0402FR-07470RL	Yageo	DK	311-470LRCT-ND	RES 470 OHM 1/16W 1% 0402 SMD	10	500	10000		0.01400	0.00382	0.00149	311-470LRTR-ND	http://www.digikey.com/product-detail/en/RC0402FR-07470RL/311-470LRCT-ND/729566	http://www.yageo.com/documents/recent/PYu-RC0402_51_RoHS_L_6.pdf					
RMCF0402FT453K	Stackpole Electronics Inc	DK	RMCF0402FT453KCT-ND	RES 453K OHM 1/16W 1% 0402 SMD	10	500	5000		0.02500	0.00576	0.00270	RMCF0402FT453KTR-ND	http://www.digikey.com/product-detail/en/RMCF0402FT453K/RMCF0402FT453KCT-ND/2417696	http://www.seielect.com/Catalog/SEI-RMCF_RMCP.pdf					
RC0402FR-07100KL	Yageo	DK	311-100KLRCT-ND	RES 100K OHM 1/16W 1% 0402 SMD	10	500	10000		0.01400	0.00382	0.00149	311-100KLRTR-ND	http://www.digikey.com/product-detail/en/RC0402FR-07100KL/311-100KLRTR-ND/726526	http://www.yageo.com/documents/recent/PYu-RC0402_51_RoHS_L_6.pdf					
RC0402FR-071K5L	Yageo	DK	311-1.50KLRCT-ND	RES 1.50K OHM 1/16W 1% 0402 SMD	10	500	10000		0.01400	0.00382	0.00149	311-1.50KLRTR-ND	http://www.digikey.com/product-detail/en/RC0402FR-071K5L/311-1.50KLRCT-ND/729466	http://www.yageo.com/documents/recent/PYu-RC0402_51_RoHS_L_6.pdf					
C2012Y5V1C475Z/1.25	DK	TDK Corporation	445-1369-1-ND	CAP CER 4.7UF 16V Y5V 0805	10	500	10000		0.12400	0.04500	0.02850	445-1369-2-ND	http://www.digikey.com/product-detail/en/C2012Y5V1C475Z%2F1.25/445-1369-1-ND/567600	http://media.digikey.com/pdf/Data%20Sheets/TDK%20PDFs/C_Series_GeneralAppl_B11.pdf					
RC0402FR-071KL	Yageo	DK	311-1.00KLRCT-ND	RES 1.00K OHM 1/16W 1% 0402 SMD	10	500	10000		0.01400	0.00382	0.00149	311-1.00KLRTR-ND	http://www.digikey.com/product-detail/en/RC0402FR-071KL/311-1.00KLRTR-ND/726513	http://www.yageo.com/documents/recent/PYu-RC0402_51_RoHS_L_6.pdf					
C1005X5R1C474K050BC	TDK Corporation	DK	445-4976-1-ND	CAP CER 0.47UF 16V 10% X5R 0402	10	500	5000		0.08000	0.02680	0.01860	445-4976-2-ND	http://www.digikey.com/product-detail/en/C1005X5R1C474K050BC/445-4976-1-ND/2093590	http://www.tdk.com/pdf/TDKMLCCCapRange.pdf					
RC0402FR-0710KL	Yageo	DK	311-10.0KLRCT-ND	RES 10.0K OHM 1/16W 1% 0402 SMD	10	500	5000		0.01400	0.00382	0.00203	311-10.0KLRTR-ND	http://www.digikey.com/product-detail/en/RC0402FR-0710KL/311-10.0KLRCT-ND/729470	http://www.yageo.com/documents/recent/PYu-RC0402_51_RoHS_L_6.pdf					
RC0402JR-0747RL	Yageo	DK	311-47JRCT-ND	RES 47 OHM 1/16W 5% 0402 SMD	10	500	5000		0.01200	0.00336	0.00178	311-47JRTR-ND	http://www.digikey.com/product-detail/en/RC0402JR-0747RL/311-47JRCT-ND/729431	http://www.yageo.com/documents/recent/PYu-RC0402_51_RoHS_L_6.pdf					
RC0402FR-0749K9L	Yageo	DK	311-49.9KLRCT-ND	RES 49.9K OHM 1/16W 1% 0402 SMD	10	500	10000		0.01400	0.00382	0.00149	311-49.9KLRTR-ND	http://www.digikey.com/product-detail/en/RC0402FR-0749K9L/311-49.9KLRCT-ND/729567	http://www.yageo.com/documents/recent/PYu-RC0402_51_RoHS_L_6.pdf					
RMCF0402FT16K5	Stackpole Electronics Inc	DK	RMCF0402FT16K5CT-ND	RES 16.5K OHM 1/16W 1% 0402 SMD	10	500	10000		0.02500	0.00576	0.00198	RMCF0402FT16K5TR-ND	http://www.digikey.com/product-detail/en/RMCF0402FT16K5/RMCF0402FT16K5CT-ND/2417531	http://www.seielect.com/Catalog/SEI-RMCF_RMCP.pdf					
RMCF0402FT25K5	Stackpole Electronics Inc	DK	RMCF0402FT25K5CT-ND	RES 25.5K OHM 1/16W 1% 0402 SMD	10	500	5000		0.02500	0.00576	0.00270	RMCF0402FT25K5TR-ND	http://www.digikey.com/product-detail/en/RMCF0402FT25K5/RMCF0402FT25K5CT-ND/2417601	http://www.seielect.com/Catalog/SEI-RMCF_RMCP.pdf					
RC0402FR-0711KL	Yageo	DK	311-11.0KLRCT-ND	RES 11.0K OHM 1/16W 1% 0402 SMD	10	500	5000		0.01400	0.00382	0.00203	311-11.0KLRTR-ND	http://www.digikey.com/product-detail/en/RC0402FR-0711KL/311-11.0KLRCT-ND/729475	http://www.yageo.com/documents/recent/PYu-RC0402_51_RoHS_L_6.pdf					
MLZ2012M470W	TDK Corporation	DK	445-6400-1-ND	INDUCTOR MULTILAYER 47UH 0805	10	500	2000		0.12500	0.07500	0.05250	445-6400-2-ND	http://www.digikey.com/product-detail/en/MLZ2012M470W/445-6400-1-ND/2465726	http://www.tdk.co.jp/tefe02/e533_mlz.pdf					
APG1608CGKC/T	Kingbright Corp	DK	754-1357-1-ND	LED 1.6X0.8MM 571NM GRN CLR SMD 60 MCD @ 20MA	10	500	2000		0.17600	0.10530	0.07800	754-1357-2-ND	http://www.digikey.com/product-detail/en/APG1608CGKC%2FT/754-1357-1-ND/1919169	http://www.kingbrightusa.com/images/catalog/SPEC/APG1608CGKC-T.pdf					
APT1608SECK	Kingbright Corp	DK	754-1120-1-ND	LED 1.6X0.8MM 601NM ORN CLR SMD 240 MCD @ 20MA	10	500	2000		0.14000	0.08370	0.06200	754-1120-2-ND	http://www.digikey.com/product-detail/en/APT1608SECK/754-1120-1-ND/1747837	http://www.us.kingbright.com/images/catalog/SPEC/APT1608SECK.pdf					
APT1608QBC/G	Kingbright Corp	DK	754-1501-1-ND	LED BLUE 465NM WTR CLEAR SMD 180 MCD @ 20 MA	10	500	2000		0.72000	0.39270	0.26180	754-1501-2-ND	http://www.digikey.com/product-detail/en/APT1608QBC%2FG/754-1501-1-ND/2263587	http://www.kingbrightusa.com/images/catalog/SPEC/APT1608QBC-G.pdf					
RMCF0402FT9K09	Stackpole Electronics Inc	DK	RMCF0402FT9K09CT-ND	RES 9.09K OHM 1/16W 1% 0402 SMD	10	500	2500		0.02500	0.00576	0.00324	RMCF0402FT9K09DKR-ND	http://www.digikey.com/product-detail/en/RMCF0402FT9K09/RMCF0402FT9K09CT-ND/2417819	http://www.seielect.com/Catalog/SEI-RMCF_RMCP.pdf					
CC0603ZRY5V7BB105	Yageo	DK	311-1372-1-ND	CAP CER 1UF 16V Y5V 0603	10	500	8000		0.01302	0.04100	0.00710	311-1372-2-ND	http://www.digikey.com/product-detail/en/CC0603ZRY5V7BB105/311-1372-1-ND/2103156	http://media.digikey.com/pdf/Data%20Sheets/Yageo%20PDFs/MLCC%20ordering%20code.pdf					
CC0402KRX7R7BB562	Yageo	DK	311-1040-1-ND	CAP CER 5600PF 16V 10% X7R 0402	10	500	2500		0.01200	0.00396	0.00278	311-1040-2-ND	http://www.digikey.com/product-detail/en/CC0402KRX7R7BB562/311-1040-1-ND/302957	http://www.yageo.com/documents/recent/UPY-GPHC_X7R_6.3V-to-50V_8.pdf					
0512811094	Molex Inc	DK	WM6745CT-ND	CONN FFC/FPC 10POS .5MM SMD R/A	10	500	3000		0.74200	0.52410	0.38381	WM6745TR-ND	http://www.digikey.com/product-detail/en/0512811094/WM6745CT-ND/3044159	http://www.molex.com/pdm_docs/sd/512811094_sd.pdf					
2908-05WB-MG	3M	DK	3M5607CT-ND	CONN EJECT MICROSD PUSH-PUSH SMD	10	500	1000		2.36	1.79	1.75	3M5607TR-ND	http://www.digikey.com/product-detail/en/2908-05WB-MG/3M5607CT-ND/1242498	http://multimedia.3m.com/mws/mediawebserver?66666UuZjcFSLXTtmX&a4x&cEVuQEcuZgVs6EVs6E666666--					
0781191109	Molex Inc	DK	0781191109-ND	CONN FFC/FPC 10POS .5MM VERT SMD	5000				0.45468				http://www.digikey.com/product-detail/en/0781191109/0781191109-ND/2789846	http://www.molex.com/pdm_docs/sd/781191109_sd.pdf					
0603L025YR	Littelfuse Inc	DK	F2902CT-ND	PTC RESETTABLE 9V .25A SMD 0603	10	500	4000		2.47900	1.39272	1.07770	F2902TR-ND	http://www.digikey.com/product-detail/en/0603L025YR/F2902CT-ND/1920206	http://www.littelfuse.com/products/resettable-ptcs/surface-mount/~/media/Files/Littelfuse/Technical%20Resources/Documents/Data%20Sheets/Littelfuse_PTC_0603L.pdf					
APTD1608QBC/D	Kingbright Company LLC	DK	754-1546-1-ND	LED BLUE ROUND CLEAR SMD	10	100	2000		0.36900	0.26650	0.13530	754-1546-2-ND	http://www.digikey.com/product-detail/en/APTD1608QBC%2FD/754-1546-1-ND/2514674	http://www.kingbrightusa.com/images/catalog/SPEC/APTD1608QBC-D.pdf					
APTD1608CGCK	Kingbright Company LLC	DK	754-1545-1-ND	LED GREEN ROUND CLEAR SMD	10	500	2000		0.25200	0.15120	0.10080	754-1545-2-ND	http://www.digikey.com/product-detail/en/APTD1608CGCK/754-1545-1-ND/2514673	http://www.kingbrightusa.com/images/catalog/SPEC/APTD1608CGCK.pdf					
APTD1608SECK	Kingbright Company LLC	DK	APTD1608SECK-ND	LED 310NM ORN CLR 1.6X0.8MM SMD	1	2000	2000		0.09360	0.09360	0.09360	APTD1608SECK-ND	http://www.digikey.com/product-detail/en/APTD1608SECK/APTD1608SECK-ND/3084843	http://www.kingbrightusa.com/images/catalog/SPEC/APTD1608SECK.pdf					
RB751V40T1G	ON Semiconductor	DK	RB751V40T1GOSCT-ND	DIODE SCHOTTKY 30V 0.03A SOD323	10	100	3000		0.26500	0.14850	0.04738	RB751V40T1GOSTR-ND	http://www.digikey.com/product-detail/en/RB751V40T1G/RB751V40T1GOSCT-ND/964629	http://www.onsemi.com/pub_link/Collateral/RB751V40T1-D.PDF					
NTHD4102PT1G	ON Semiconductor	DK	NTHD4102PT1GOSCT-ND	MOSFET PWR P-CH DUAL20V CHIPFET	10	100	3000		0.40800	0.30590	0.15345	NTHD4102PT1GOSTR-ND	http://www.digikey.com/product-detail/en/NTHD4102PT1G/NTHD4102PT1GOSCT-ND/2122000	http://www.onsemi.com/pub_link/Collateral/NTHD4102P-D.PDF					
ERJ-2RKF4532X	Panasonic Electronic Components	DK	P45.3KLCT-ND	RES 45.3K OHM 1/10W 1% 0402 SMD	50	100	5000		0.02420	0.01840	0.00473	P45.3KLTR-ND	http://www.digikey.com/product-detail/en/ERJ-2RKF4532X/P45.3KLCT-ND/194411	http://industrial.panasonic.com/www-cgi/jvcr13pz.cgi?E+PZ+3+AOA0002+ERJ2RKF4532X+7+WW					
*																			
ERJ-2RKF1053X	Panasonic Electronic Components	DK	P105KLCT-ND	RES 105K OHM 1/10W 1% 0402 SMD	50	250	5000		0.02420	0.01364	0.00473	P105KLTR-ND	http://www.digikey.com/product-detail/en/ERJ-2RKF1053X/P105KLCT-ND/194131	http://industrial.panasonic.com/www-cgi/jvcr13pz.cgi?E+PZ+3+AOA0002+ERJ2RKF1053X+7+WW					
LTC4417IUF#PBF	Linear Technology	DK	LTC4417IUF#PBF-ND	IC OR CTRLR SRC SELECT 24QFN	25	100	2500		5.27520	4.48380	4.53650	LTC4417IUF#TRPBF-ND	http://www.digikey.com/product-detail/en/LTC4417IUF%23PBF/LTC4417IUF%23PBF-ND/3838535	http://cds.linear.com/docs/en/datasheet/4417f.pdf					
LSM303D	STMicroelectronics	DK	LSM303D-ND	ACCELEROMETER 3D MAGNO 16LGA	2940				2.12800				http://www.digikey.com/product-detail/en/LSM303D/LSM303D-ND/4357278	http://www.st.com/web/en/resource/technical/document/datasheet/DM00057547.pdf					
L3GD20H	STMicroelectronics	DK	497-13931-1-ND	IC MEMS MOTION SENSOR 16LLGA	10	100	4000		6.03200	4.96600	3.38000		http://www.digikey.com/product-detail/en/L3GD20HTR/497-13931-1-ND/4357644	http://www.st.com/web/en/resource/technical/document/datasheet/DM00060659.pdf					
PMEG2005CT	NXP Semiconductors	DK	568-6500-1-ND	DIODE SCHOTTKY 20V 500MA TO236AB	10	100	3000		0.40800	0.24020	0.08800	568-6500-2-ND	http://www.digikey.com/product-detail/en/PMEG2005CT,215/568-6500-1-ND/2531787	http://www.nxp.com/documents/data_sheet/PMEG2005CT.pdf					
0ZCA0035FF2G	Bel Fuse Inc	DK	507-1479-1-ND	PTC RESTTBLE 0.35A 16V CHIP 1206	10	100	4000		0.15000	0.12480	0.07056	507-1479-2-ND	http://www.digikey.com/product-detail/en/0ZCA0035FF2G/507-1479-1-ND/2165308	http://media.digikey.com/pdf/Data%20Sheets/Bel%20Fuse%20PDFs/0ZCA_Series.pdf					
C1608X6S1C225K080AC	TDK Corporation	DK	445-7438-1-ND	CAP CER 2.2UF 16V 10% X6S 0603	10	500	4000		0.20000	0.06626	0.04625	445-7438-2-ND	http://www.digikey.com/product-detail/en/C1608X6S1C225K080AC/445-7438-1-ND/2733510	Multilayer Ceramic Chip Cap Range					
4525DO-DS5AI001DP	Measurement Specialties Inc.	DK	223-1110-ND	SENSOR DIFF PRESS 1PSI 8DIP PCB	10	500	5000		22.22900	16.37916	14.62425		http://www.digikey.com/product-search/en?WT.z_header=search_go&lang=en&site=us&keywords=4525DO-DS5AI001DP&x=-852&y=-51&formaction=on	http://www.meas-spec.com/downloads/MS4525DO.pdf					
